SET DEFINE OFF;

DELETE FROM CMSTR.TBL_MTR_MRG_TRADING_REPORT;
DELETE FROM CMSTR.TBL_MTR_DETAIL_RECORD;
DELETE FROM CMSTR.TBL_MTR_CONTROL_RECORD;
DELETE FROM CMSTR.TBL_MTR_SUMMARY_RECORD;
DELETE FROM CMSTR.TBL_MTR_COLLATERALS_SUMMARY_RECORD;
DELETE FROM CMSTR.TBL_MTR_COLLATERALS_SCRIPS_DETAIL_RECORD;
delete from CMSTR.TBL_MTR_DAILY_FILE;
delete from CMSTR.TBL_MTR_MEMBER_LIST;

DELETE FROM CMSTR.TBL_PENALTY_MEMBER;
delete from CMSTR.TBL_PENALTY_REVIEW;
delete from CMSTR.TBL_PENALTY;
delete from CMSTR.TBL_PENALTY_DOC_MASTER;
delete from CMSTR.TBL_MEMBER_MASTER;
delete from CMSTR.TBL_USER_MEM_COM;
delete from CMSTR.TBL_KMP_APPLI_DTLS;


INSERT INTO CMSTR.TBL_MEMBER_MASTER(MEM_ID, MEM_CD, MEM_NAME, MEM_CENTRE,  TYPE, MEM_APPROVAL_DATE, FULL_STATUS, MEM_ADDRESS_PART1, MEM_ADDRESS_PART2, MEM_ADDRESS_PART3, EMAIL_ID, CONSTITUTION_TYPE) VALUES(2288, '1', 'Komal(E)', 'AHMEDABAD', 'TM', TO_DATE('2020-01-01', 'YYYY-MM-DD'),'APPROVED', 'Address 1', 'Address2', 'Address 3', 'stand4love@gmail.com', 'Individual');
INSERT INTO CMSTR.TBL_MEMBER_MASTER(MEM_ID, MEM_CD, MEM_NAME, MEM_CENTRE,  TYPE, MEM_APPROVAL_DATE, FULL_STATUS, MEM_ADDRESS_PART1, MEM_ADDRESS_PART2, MEM_ADDRESS_PART3, EMAIL_ID, CONSTITUTION_TYPE) VALUES(2287, '2', 'Saurabh(N)', 'INDORE', 'TM', TO_DATE('2020-01-01', 'YYYY-MM-DD'),'APPROVED', 'Address 1', 'Address2', 'Address 3', 'a@test.com', 'Corporate');
INSERT INTO CMSTR.TBL_MEMBER_MASTER(MEM_ID, MEM_CD, MEM_NAME, MEM_CENTRE,  TYPE, MEM_APPROVAL_DATE, FULL_STATUS, MEM_ADDRESS_PART1, MEM_ADDRESS_PART2, MEM_ADDRESS_PART3, EMAIL_ID, CONSTITUTION_TYPE) VALUES(10001, '10001', 'Imran', 'COCHIN', 'TM', TO_DATE('2020-01-01', 'YYYY-MM-DD'),'APPROVED', 'Address 1', 'Address2', 'Address 3', 'a@test.com', 'Corporate');
INSERT INTO CMSTR.TBL_MEMBER_MASTER(MEM_ID, MEM_CD, MEM_NAME, MEM_CENTRE, TYPE, MEM_APPROVAL_DATE, FULL_STATUS, MEM_ADDRESS_PART1, MEM_ADDRESS_PART2, MEM_ADDRESS_PART3, EMAIL_ID, CONSTITUTION_TYPE) VALUES(10002, '10002', 'Tanveer', 'MUMBAI', 'TM', TO_DATE('2020-01-01', 'YYYY-MM-DD'),'APPROVED', 'Address 1', 'Address2', 'Address 3', 'a@test.com', 'PartnershipFirm');
INSERT INTO CMSTR.TBL_MEMBER_MASTER(MEM_ID, MEM_CD, MEM_NAME, MEM_CENTRE, TYPE, MEM_APPROVAL_DATE, FULL_STATUS, MEM_ADDRESS_PART1, MEM_ADDRESS_PART2, MEM_ADDRESS_PART3, EMAIL_ID, CONSTITUTION_TYPE) VALUES(10003, '10003', 'Arindam', 'AHMEDABAD', 'TM', TO_DATE('2020-01-01', 'YYYY-MM-DD'),'APPROVED', 'Address 1', 'Address2', 'Address 3', 'a@test.com', 'Corporate');
INSERT INTO CMSTR.TBL_MEMBER_MASTER(MEM_ID, MEM_CD, MEM_NAME, MEM_CENTRE, TYPE, MEM_APPROVAL_DATE, FULL_STATUS, MEM_ADDRESS_PART1, MEM_ADDRESS_PART2, MEM_ADDRESS_PART3, EMAIL_ID, CONSTITUTION_TYPE) VALUES(10004, '10004', 'Jim', 'AHMEDABAD', 'TM', TO_DATE('2020-01-01', 'YYYY-MM-DD'),'APPROVED', 'Address 1', 'Address2', 'Address 3', 'a@test.com', 'Individual');
INSERT INTO CMSTR.TBL_MEMBER_MASTER(MEM_ID, MEM_CD, MEM_NAME, MEM_CENTRE, TYPE, MEM_APPROVAL_DATE, FULL_STATUS, MEM_ADDRESS_PART1, MEM_ADDRESS_PART2, MEM_ADDRESS_PART3, EMAIL_ID, CONSTITUTION_TYPE) VALUES(10005, '10005', 'Tom', 'MUMBAI', 'TM', TO_DATE('2020-01-01', 'YYYY-MM-DD'),'APPROVED', 'Address 1', 'Address2', 'Address 3', 'a@test.com', 'PartnershipFirm');
INSERT INTO CMSTR.TBL_MEMBER_MASTER(MEM_ID, MEM_CD, MEM_NAME, MEM_CENTRE, TYPE, MEM_APPROVAL_DATE, FULL_STATUS, MEM_ADDRESS_PART1, MEM_ADDRESS_PART2, MEM_ADDRESS_PART3, EMAIL_ID, CONSTITUTION_TYPE) VALUES(10006, '10006', 'Daniel', 'MUMBAI', 'TM', TO_DATE('2020-01-01', 'YYYY-MM-DD'),'APPROVED', 'Address 1', 'Address2', 'Address 3', 'a@test.com', 'Individual');
INSERT INTO CMSTR.TBL_MEMBER_MASTER(MEM_ID, MEM_CD, MEM_NAME, MEM_CENTRE, TYPE, MEM_APPROVAL_DATE, FULL_STATUS, MEM_ADDRESS_PART1, MEM_ADDRESS_PART2, MEM_ADDRESS_PART3, EMAIL_ID, CONSTITUTION_TYPE) VALUES(10007, '10007', 'Bob', 'MUMBAI', 'TM', TO_DATE('2020-01-01', 'YYYY-MM-DD'),'APPROVED', 'Address 1', 'Address2', 'Address 3', 'a@test.com', 'Corporate');
INSERT INTO CMSTR.TBL_MEMBER_MASTER(MEM_ID, MEM_CD, MEM_NAME, MEM_CENTRE, TYPE, MEM_APPROVAL_DATE, FULL_STATUS, MEM_ADDRESS_PART1, MEM_ADDRESS_PART2, MEM_ADDRESS_PART3, EMAIL_ID, CONSTITUTION_TYPE) VALUES(10008, '10008', 'Lucy', 'MUMBAI', 'TM', TO_DATE('2020-01-01', 'YYYY-MM-DD'),'APPROVED', 'Address 1', 'Address2', 'Address 3', 'a@test.com', 'Bank');
INSERT INTO CMSTR.TBL_MEMBER_MASTER(MEM_ID, MEM_CD, MEM_NAME, MEM_CENTRE, TYPE, MEM_APPROVAL_DATE, FULL_STATUS, MEM_ADDRESS_PART1, MEM_ADDRESS_PART2, MEM_ADDRESS_PART3, EMAIL_ID, CONSTITUTION_TYPE) VALUES(13470, '13470', 'Clyde', 'Kochborough', 'TM', TO_DATE('2021-01-01', 'YYYY-MM-DD'),'APPROVED', 'Address 1', 'Address2', 'Address 3', 'a@test.com', 'PartnershipFirm');
INSERT INTO CMSTR.TBL_MEMBER_MASTER(MEM_ID, MEM_CD, MEM_NAME, MEM_CENTRE, TYPE, MEM_APPROVAL_DATE, FULL_STATUS, MEM_ADDRESS_PART1, MEM_ADDRESS_PART2, MEM_ADDRESS_PART3, EMAIL_ID, CONSTITUTION_TYPE) VALUES(11094, '11094', 'Carolyne', 'East Trinity', 'TM', TO_DATE('2021-01-01', 'YYYY-MM-DD'),'APPROVED', 'Address 1', 'Address2', 'Address 3', 'a@test.com', 'Corporate');
INSERT INTO CMSTR.TBL_MEMBER_MASTER(MEM_ID, MEM_CD, MEM_NAME, MEM_CENTRE, TYPE, MEM_APPROVAL_DATE, FULL_STATUS, MEM_ADDRESS_PART1, MEM_ADDRESS_PART2, MEM_ADDRESS_PART3, EMAIL_ID, CONSTITUTION_TYPE) VALUES(90177, '90177', 'Lavonne', 'New Maudie', 'TM', TO_DATE('2021-01-01', 'YYYY-MM-DD'),'APPROVED', 'Address 1', 'Address2', 'Address 3', 'a@test.com', 'Individual');
INSERT INTO CMSTR.TBL_MEMBER_MASTER(MEM_ID, MEM_CD, MEM_NAME, MEM_CENTRE, TYPE, MEM_APPROVAL_DATE, FULL_STATUS, MEM_ADDRESS_PART1, MEM_ADDRESS_PART2, MEM_ADDRESS_PART3, EMAIL_ID, CONSTITUTION_TYPE) VALUES(06637, '06637', 'Monty', 'South Toby', 'TM', TO_DATE('2021-01-01', 'YYYY-MM-DD'),'APPROVED', 'Address 1', 'Address2', 'Address 3', 'a@test.com', 'Bank');
INSERT INTO CMSTR.TBL_MEMBER_MASTER(MEM_ID, MEM_CD, MEM_NAME, MEM_CENTRE, TYPE, MEM_APPROVAL_DATE, FULL_STATUS, MEM_ADDRESS_PART1, MEM_ADDRESS_PART2, MEM_ADDRESS_PART3, EMAIL_ID, CONSTITUTION_TYPE) VALUES(06538, '06538', 'Arden', 'North Tammyview', 'TM', TO_DATE('2021-01-01', 'YYYY-MM-DD'),'APPROVED', 'Address 1', 'Address2', 'Address 3', 'a@test.com', 'Bank');
INSERT INTO CMSTR.TBL_MEMBER_MASTER(MEM_ID, MEM_CD, MEM_NAME, MEM_CENTRE, TYPE, MEM_APPROVAL_DATE, FULL_STATUS, MEM_ADDRESS_PART1, MEM_ADDRESS_PART2, MEM_ADDRESS_PART3, EMAIL_ID, CONSTITUTION_TYPE) VALUES(05999, '05999', 'Beau', 'Shieldsmouth', 'TM', TO_DATE('2021-01-01', 'YYYY-MM-DD'),'APPROVED', 'Address 1', 'Address2', 'Address 3', 'a@test.com', 'Corporate');
INSERT INTO CMSTR.TBL_MEMBER_MASTER(MEM_ID, MEM_CD, MEM_NAME, MEM_CENTRE, TYPE, MEM_APPROVAL_DATE, FULL_STATUS, MEM_ADDRESS_PART1, MEM_ADDRESS_PART2, MEM_ADDRESS_PART3, EMAIL_ID, CONSTITUTION_TYPE) VALUES(06769, '06769', 'Rene', 'Kautzerfort', 'TM', TO_DATE('2021-01-01', 'YYYY-MM-DD'),'APPROVED', 'Address 1', 'Address2', 'Address 3', 'a@test.com', 'PartnershipFirm');
INSERT INTO CMSTR.TBL_MEMBER_MASTER(MEM_ID, MEM_CD, MEM_NAME, MEM_CENTRE, TYPE, MEM_APPROVAL_DATE, FULL_STATUS, MEM_ADDRESS_PART1, MEM_ADDRESS_PART2, MEM_ADDRESS_PART3, EMAIL_ID, CONSTITUTION_TYPE) VALUES(05977, '05977', 'Rolanda', 'East Vina', 'TM', TO_DATE('2021-01-01', 'YYYY-MM-DD'),'APPROVED', 'Address 1', 'Address2', 'Address 3', 'a@test.com', 'Corporate');
INSERT INTO CMSTR.TBL_MEMBER_MASTER(MEM_ID, MEM_CD, MEM_NAME, MEM_CENTRE, TYPE, MEM_APPROVAL_DATE, FULL_STATUS, MEM_ADDRESS_PART1, MEM_ADDRESS_PART2, MEM_ADDRESS_PART3, EMAIL_ID, CONSTITUTION_TYPE) VALUES(06436, '06436', 'Juliann', 'Donnellyview', 'TM', TO_DATE('2021-01-01', 'YYYY-MM-DD'),'APPROVED', 'Address 1', 'Address2', 'Address 3', 'a@test.com', 'Individual');
INSERT INTO CMSTR.TBL_MEMBER_MASTER(MEM_ID, MEM_CD, MEM_NAME, MEM_CENTRE, TYPE, MEM_APPROVAL_DATE, FULL_STATUS, MEM_ADDRESS_PART1, MEM_ADDRESS_PART2, MEM_ADDRESS_PART3, EMAIL_ID, CONSTITUTION_TYPE) VALUES(06537, '06537', 'Henry', 'Angelside', 'TM', TO_DATE('2021-01-01', 'YYYY-MM-DD'),'APPROVED', 'Address 1', 'Address2', 'Address 3', 'a@test.com', 'Bank');
INSERT INTO CMSTR.TBL_MEMBER_MASTER(MEM_ID, MEM_CD, MEM_NAME, MEM_CENTRE, TYPE, MEM_APPROVAL_DATE, FULL_STATUS, MEM_ADDRESS_PART1, MEM_ADDRESS_PART2, MEM_ADDRESS_PART3, EMAIL_ID, CONSTITUTION_TYPE) VALUES(14816, '14816', 'Gus', 'South Jonview', 'TM', TO_DATE('2021-01-01', 'YYYY-MM-DD'),'APPROVED', 'Address 1', 'Address2', 'Address 3', 'a@test.com', 'Corporate');
INSERT INTO CMSTR.TBL_MEMBER_MASTER(MEM_ID, MEM_CD, MEM_NAME, MEM_CENTRE, TYPE, MEM_APPROVAL_DATE, FULL_STATUS, MEM_ADDRESS_PART1, MEM_ADDRESS_PART2, MEM_ADDRESS_PART3, EMAIL_ID, CONSTITUTION_TYPE) VALUES(06764, '06764', 'Valeri', 'New John', 'TM', TO_DATE('2021-01-01', 'YYYY-MM-DD'),'APPROVED', 'Address 1', 'Address2', 'Address 3', 'a@test.com', 'Corporate');
INSERT INTO CMSTR.TBL_MEMBER_MASTER(MEM_ID, MEM_CD, MEM_NAME, MEM_CENTRE, TYPE, MEM_APPROVAL_DATE, FULL_STATUS, MEM_ADDRESS_PART1, MEM_ADDRESS_PART2, MEM_ADDRESS_PART3, EMAIL_ID, CONSTITUTION_TYPE) VALUES(07730, '07730', 'Penni', 'Waelchitown', 'TM', TO_DATE('2021-01-01', 'YYYY-MM-DD'),'APPROVED', 'Address 1', 'Address2', 'Address 3', 'a@test.com', 'LLP');
INSERT INTO CMSTR.TBL_MEMBER_MASTER(MEM_ID, MEM_CD, MEM_NAME, MEM_CENTRE, TYPE, MEM_APPROVAL_DATE, FULL_STATUS, MEM_ADDRESS_PART1, MEM_ADDRESS_PART2, MEM_ADDRESS_PART3, EMAIL_ID, CONSTITUTION_TYPE) VALUES(10548, '10548', 'Pattie', 'Port Jennifer', 'TM', TO_DATE('2021-01-01', 'YYYY-MM-DD'),'APPROVED', 'Address 1', 'Address2', 'Address 3', 'a@test.com', 'PartnershipFirm');
INSERT INTO CMSTR.TBL_MEMBER_MASTER(MEM_ID, MEM_CD, MEM_NAME, MEM_CENTRE, TYPE, MEM_APPROVAL_DATE, FULL_STATUS, MEM_ADDRESS_PART1, MEM_ADDRESS_PART2, MEM_ADDRESS_PART3, EMAIL_ID, CONSTITUTION_TYPE) VALUES(06430, '06430', 'Chung', 'Lekishamouth', 'TM', TO_DATE('2021-01-01', 'YYYY-MM-DD'),'APPROVED', 'Address 1', 'Address2', 'Address 3', 'a@test.com', 'LLP');
INSERT INTO CMSTR.TBL_MEMBER_MASTER(MEM_ID, MEM_CD, MEM_NAME, MEM_CENTRE, TYPE, MEM_APPROVAL_DATE, FULL_STATUS, MEM_ADDRESS_PART1, MEM_ADDRESS_PART2, MEM_ADDRESS_PART3, EMAIL_ID, CONSTITUTION_TYPE) VALUES(06386, '06386', 'Gayla', 'Otishaven', 'TM', TO_DATE('2021-01-01', 'YYYY-MM-DD'),'APPROVED', 'Address 1', 'Address2', 'Address 3', 'a@test.com', 'Individual');
INSERT INTO CMSTR.TBL_MEMBER_MASTER(MEM_ID, MEM_CD, MEM_NAME, MEM_CENTRE, TYPE, MEM_APPROVAL_DATE, FULL_STATUS, MEM_ADDRESS_PART1, MEM_ADDRESS_PART2, MEM_ADDRESS_PART3, EMAIL_ID, CONSTITUTION_TYPE) VALUES(14300, '14300', 'Elena', 'New Janettton', 'TM', TO_DATE('2021-01-01', 'YYYY-MM-DD'),'APPROVED', 'Address 1', 'Address2', 'Address 3', 'a@test.com', 'Corporate');
INSERT INTO CMSTR.TBL_MEMBER_MASTER(MEM_ID, MEM_CD, MEM_NAME, MEM_CENTRE, TYPE, MEM_APPROVAL_DATE, FULL_STATUS, MEM_ADDRESS_PART1, MEM_ADDRESS_PART2, MEM_ADDRESS_PART3, EMAIL_ID, CONSTITUTION_TYPE) VALUES(08140, '08140', 'Sang', 'Wilburnview', 'TM', TO_DATE('2021-01-01', 'YYYY-MM-DD'),'APPROVED', 'Address 1', 'Address2', 'Address 3', 'a@test.com', 'LLP');
INSERT INTO CMSTR.TBL_MEMBER_MASTER(MEM_ID, MEM_CD, MEM_NAME, MEM_CENTRE, TYPE, MEM_APPROVAL_DATE, FULL_STATUS, MEM_ADDRESS_PART1, MEM_ADDRESS_PART2, MEM_ADDRESS_PART3, EMAIL_ID, CONSTITUTION_TYPE) VALUES(12348, '12348', 'Sal', 'Port Junie', 'TM', TO_DATE('2021-01-01', 'YYYY-MM-DD'),'APPROVED', 'Address 1', 'Address2', 'Address 3', 'a@test.com', 'Corporate');
INSERT INTO CMSTR.TBL_MEMBER_MASTER(MEM_ID, MEM_CD, MEM_NAME, MEM_CENTRE, TYPE, MEM_APPROVAL_DATE, FULL_STATUS, MEM_ADDRESS_PART1, MEM_ADDRESS_PART2, MEM_ADDRESS_PART3, EMAIL_ID, CONSTITUTION_TYPE) VALUES(13116, '13116', 'Tom', 'Marcusbury', 'TM', TO_DATE('2021-01-01', 'YYYY-MM-DD'),'APPROVED', 'Address 1', 'Address2', 'Address 3', 'a@test.com', 'PartnershipFirm');
INSERT INTO CMSTR.TBL_MEMBER_MASTER(MEM_ID, MEM_CD, MEM_NAME, MEM_CENTRE, TYPE, MEM_APPROVAL_DATE, FULL_STATUS, MEM_ADDRESS_PART1, MEM_ADDRESS_PART2, MEM_ADDRESS_PART3, EMAIL_ID, CONSTITUTION_TYPE) VALUES(12798, '12798', 'Belia', 'Arianehaven', 'TM', TO_DATE('2021-01-01', 'YYYY-MM-DD'),'APPROVED', 'Address 1', 'Address2', 'Address 3', 'a@test.com', 'Corporate');
INSERT INTO CMSTR.TBL_MEMBER_MASTER(MEM_ID, MEM_CD, MEM_NAME, MEM_CENTRE, TYPE, MEM_APPROVAL_DATE, FULL_STATUS, MEM_ADDRESS_PART1, MEM_ADDRESS_PART2, MEM_ADDRESS_PART3, EMAIL_ID, CONSTITUTION_TYPE) VALUES(10412, '10412', 'Kayleigh', 'West Luisa', 'TM', TO_DATE('2021-01-01', 'YYYY-MM-DD'),'APPROVED', 'Address 1', 'Address2', 'Address 3', 'a@test.com', 'Bank');
INSERT INTO CMSTR.TBL_MEMBER_MASTER(MEM_ID, MEM_CD, MEM_NAME, MEM_CENTRE,  TYPE, MEM_APPROVAL_DATE, FULL_STATUS, MEM_ADDRESS_PART1, MEM_ADDRESS_PART2, MEM_ADDRESS_PART3, EMAIL_ID, CONSTITUTION_TYPE) VALUES(3, '3', 'Corporate name', 'AHMEDABAD', 'TM', TO_DATE('2020-01-01', 'YYYY-MM-DD'),'APPROVED', 'Corporate Address 1', 'Corporate Address2', 'Corporate Address 3', 'admin@corporate.com', 'Corporate');
INSERT INTO CMSTR.TBL_MEMBER_MASTER(MEM_ID, MEM_CD, MEM_NAME, MEM_CENTRE,  TYPE, MEM_APPROVAL_DATE, FULL_STATUS, MEM_ADDRESS_PART1, MEM_ADDRESS_PART2, MEM_ADDRESS_PART3, EMAIL_ID, CONSTITUTION_TYPE) VALUES(4, '4', 'Bank Name', 'INDORE', 'TM', TO_DATE('2020-01-01', 'YYYY-MM-DD'),'APPROVED', 'Bank Address 1', 'Bank Address2', 'Bank Address 3', 'admin@bank.com', 'Bank');
INSERT INTO CMSTR.TBL_MEMBER_MASTER(MEM_ID, MEM_CD, MEM_NAME, MEM_CENTRE,  TYPE, MEM_APPROVAL_DATE, FULL_STATUS, MEM_ADDRESS_PART1, MEM_ADDRESS_PART2, MEM_ADDRESS_PART3, EMAIL_ID, CONSTITUTION_TYPE) VALUES(5, '5', 'LLP Name', 'COCHIN', 'TM', TO_DATE('2020-01-01', 'YYYY-MM-DD'),'APPROVED', 'LLP Address 1', 'LLP Address2', 'LLP Address 3', 'admin@llp.com', 'LLP');
INSERT INTO CMSTR.TBL_MEMBER_MASTER(MEM_ID, MEM_CD, MEM_NAME, MEM_CENTRE, TYPE, MEM_APPROVAL_DATE, FULL_STATUS, MEM_ADDRESS_PART1, MEM_ADDRESS_PART2, MEM_ADDRESS_PART3, EMAIL_ID, CONSTITUTION_TYPE) VALUES(6, '6', 'PartnershipFirm Name', 'MUMBAI', 'TM', TO_DATE('2020-01-01', 'YYYY-MM-DD'),'APPROVED', 'PartnershipFirm Address 1', 'PartnershipFirm Address2', 'PartnershipFirm Address 3', 'admin@partnership.com', 'PartnershipFirm');
INSERT INTO CMSTR.TBL_MEMBER_MASTER(MEM_ID, MEM_CD, MEM_NAME, MEM_CENTRE, TYPE, MEM_APPROVAL_DATE, FULL_STATUS, MEM_ADDRESS_PART1, MEM_ADDRESS_PART2, MEM_ADDRESS_PART3, EMAIL_ID, CONSTITUTION_TYPE) VALUES(7, '7', 'Raj Gupta', 'AHMEDABAD', 'TM', TO_DATE('2020-01-01', 'YYYY-MM-DD'),'APPROVED', 'Individual Address 1', 'Individual Address2', 'Individual Address 3', 'individual@gmail.com', 'Individual');

INSERT INTO CMSTR.TBL_MTR_MEMBER_LIST(MEMBER_ID, ELIGIBLE_MEMBER_MTR_STATUS, ELIGIBLE_MEMBER_MTR_FROM, CREATED_BY, CREATED_DT, UPDATED_BY, UPDATED_DT) VALUES(2288, 1, TO_DATE('2020-01-01', 'YYYY-MM-DD'), 'ADMIN', CURRENT_TIMESTAMP, 'ADMIN', CURRENT_TIMESTAMP);
INSERT INTO CMSTR.TBL_MTR_MEMBER_LIST(MEMBER_ID, ELIGIBLE_MEMBER_MTR_STATUS, ELIGIBLE_MEMBER_MTR_FROM, CREATED_BY, CREATED_DT, UPDATED_BY, UPDATED_DT) VALUES(2287, 1, TO_DATE('2020-01-01', 'YYYY-MM-DD'), 'ADMIN', CURRENT_TIMESTAMP, 'ADMIN', CURRENT_TIMESTAMP);
INSERT INTO CMSTR.TBL_MTR_MEMBER_LIST(MEMBER_ID, ELIGIBLE_MEMBER_MTR_STATUS, ELIGIBLE_MEMBER_MTR_FROM, CREATED_BY, CREATED_DT, UPDATED_BY, UPDATED_DT) VALUES(10001, 1, TO_DATE('2020-01-01', 'YYYY-MM-DD'), 'ADMIN', CURRENT_TIMESTAMP, 'ADMIN', CURRENT_TIMESTAMP);
INSERT INTO CMSTR.TBL_MTR_MEMBER_LIST(MEMBER_ID, ELIGIBLE_MEMBER_MTR_STATUS, ELIGIBLE_MEMBER_MTR_FROM, CREATED_BY, CREATED_DT, UPDATED_BY, UPDATED_DT) VALUES(10002, 1, TO_DATE('2020-01-01', 'YYYY-MM-DD'), 'ADMIN', CURRENT_TIMESTAMP, 'ADMIN', CURRENT_TIMESTAMP);
INSERT INTO CMSTR.TBL_MTR_MEMBER_LIST(MEMBER_ID, ELIGIBLE_MEMBER_MTR_STATUS, ELIGIBLE_MEMBER_MTR_FROM, CREATED_BY, CREATED_DT, UPDATED_BY, UPDATED_DT) VALUES(10003, 1, TO_DATE('2020-01-01', 'YYYY-MM-DD'), 'ADMIN', CURRENT_TIMESTAMP, 'ADMIN', CURRENT_TIMESTAMP);
INSERT INTO CMSTR.TBL_MTR_MEMBER_LIST(MEMBER_ID, ELIGIBLE_MEMBER_MTR_STATUS, ELIGIBLE_MEMBER_MTR_FROM, CREATED_BY, CREATED_DT, UPDATED_BY, UPDATED_DT) VALUES(10004, 1, TO_DATE('2020-01-01', 'YYYY-MM-DD'), 'ADMIN', CURRENT_TIMESTAMP, 'ADMIN', CURRENT_TIMESTAMP);
INSERT INTO CMSTR.TBL_MTR_MEMBER_LIST(MEMBER_ID, ELIGIBLE_MEMBER_MTR_STATUS, ELIGIBLE_MEMBER_MTR_FROM, CREATED_BY, CREATED_DT, UPDATED_BY, UPDATED_DT) VALUES(10005, 1, TO_DATE('2020-01-01', 'YYYY-MM-DD'), 'ADMIN', CURRENT_TIMESTAMP, 'ADMIN', CURRENT_TIMESTAMP);
INSERT INTO CMSTR.TBL_MTR_MEMBER_LIST(MEMBER_ID, ELIGIBLE_MEMBER_MTR_STATUS, ELIGIBLE_MEMBER_MTR_FROM, CREATED_BY, CREATED_DT, UPDATED_BY, UPDATED_DT) VALUES(10006, 1, TO_DATE('2020-01-01', 'YYYY-MM-DD'), 'ADMIN', CURRENT_TIMESTAMP, 'ADMIN', CURRENT_TIMESTAMP);
INSERT INTO CMSTR.TBL_MTR_MEMBER_LIST(MEMBER_ID, ELIGIBLE_MEMBER_MTR_STATUS, ELIGIBLE_MEMBER_MTR_FROM, CREATED_BY, CREATED_DT, UPDATED_BY, UPDATED_DT) VALUES(10007, 1, TO_DATE('2020-01-01', 'YYYY-MM-DD'), 'ADMIN', CURRENT_TIMESTAMP, 'ADMIN', CURRENT_TIMESTAMP);
INSERT INTO CMSTR.TBL_MTR_MEMBER_LIST(MEMBER_ID, ELIGIBLE_MEMBER_MTR_STATUS, ELIGIBLE_MEMBER_MTR_FROM, CREATED_BY, CREATED_DT, UPDATED_BY, UPDATED_DT) VALUES(10008, 1, TO_DATE('2020-01-01', 'YYYY-MM-DD'), 'ADMIN', CURRENT_TIMESTAMP, 'ADMIN', CURRENT_TIMESTAMP);
INSERT INTO CMSTR.TBL_MTR_MEMBER_LIST(MEMBER_ID, ELIGIBLE_MEMBER_MTR_STATUS, ELIGIBLE_MEMBER_MTR_FROM, CREATED_BY, CREATED_DT, UPDATED_BY, UPDATED_DT) VALUES(13470, 1, TO_DATE('2021-01-04', 'YYYY-MM-DD'), 'ADMIN', CURRENT_TIMESTAMP, 'ADMIN', CURRENT_TIMESTAMP);
INSERT INTO CMSTR.TBL_MTR_MEMBER_LIST(MEMBER_ID, ELIGIBLE_MEMBER_MTR_STATUS, ELIGIBLE_MEMBER_MTR_FROM, CREATED_BY, CREATED_DT, UPDATED_BY, UPDATED_DT) VALUES(11094, 1, TO_DATE('2021-01-04', 'YYYY-MM-DD'), 'ADMIN', CURRENT_TIMESTAMP, 'ADMIN', CURRENT_TIMESTAMP);
INSERT INTO CMSTR.TBL_MTR_MEMBER_LIST(MEMBER_ID, ELIGIBLE_MEMBER_MTR_STATUS, ELIGIBLE_MEMBER_MTR_FROM, CREATED_BY, CREATED_DT, UPDATED_BY, UPDATED_DT) VALUES(90177, 1, TO_DATE('2021-01-04', 'YYYY-MM-DD'), 'ADMIN', CURRENT_TIMESTAMP, 'ADMIN', CURRENT_TIMESTAMP);
INSERT INTO CMSTR.TBL_MTR_MEMBER_LIST(MEMBER_ID, ELIGIBLE_MEMBER_MTR_STATUS, ELIGIBLE_MEMBER_MTR_FROM, CREATED_BY, CREATED_DT, UPDATED_BY, UPDATED_DT) VALUES(06637, 1, TO_DATE('2021-01-04', 'YYYY-MM-DD'), 'ADMIN', CURRENT_TIMESTAMP, 'ADMIN', CURRENT_TIMESTAMP);
INSERT INTO CMSTR.TBL_MTR_MEMBER_LIST(MEMBER_ID, ELIGIBLE_MEMBER_MTR_STATUS, ELIGIBLE_MEMBER_MTR_FROM, CREATED_BY, CREATED_DT, UPDATED_BY, UPDATED_DT) VALUES(06538, 1, TO_DATE('2021-01-04', 'YYYY-MM-DD'), 'ADMIN', CURRENT_TIMESTAMP, 'ADMIN', CURRENT_TIMESTAMP);
INSERT INTO CMSTR.TBL_MTR_MEMBER_LIST(MEMBER_ID, ELIGIBLE_MEMBER_MTR_STATUS, ELIGIBLE_MEMBER_MTR_FROM, CREATED_BY, CREATED_DT, UPDATED_BY, UPDATED_DT) VALUES(05999, 1, TO_DATE('2021-01-04', 'YYYY-MM-DD'), 'ADMIN', CURRENT_TIMESTAMP, 'ADMIN', CURRENT_TIMESTAMP);
INSERT INTO CMSTR.TBL_MTR_MEMBER_LIST(MEMBER_ID, ELIGIBLE_MEMBER_MTR_STATUS, ELIGIBLE_MEMBER_MTR_FROM, CREATED_BY, CREATED_DT, UPDATED_BY, UPDATED_DT) VALUES(06769, 1, TO_DATE('2021-01-04', 'YYYY-MM-DD'), 'ADMIN', CURRENT_TIMESTAMP, 'ADMIN', CURRENT_TIMESTAMP);
INSERT INTO CMSTR.TBL_MTR_MEMBER_LIST(MEMBER_ID, ELIGIBLE_MEMBER_MTR_STATUS, ELIGIBLE_MEMBER_MTR_FROM, CREATED_BY, CREATED_DT, UPDATED_BY, UPDATED_DT) VALUES(05977, 1, TO_DATE('2021-01-04', 'YYYY-MM-DD'), 'ADMIN', CURRENT_TIMESTAMP, 'ADMIN', CURRENT_TIMESTAMP);
INSERT INTO CMSTR.TBL_MTR_MEMBER_LIST(MEMBER_ID, ELIGIBLE_MEMBER_MTR_STATUS, ELIGIBLE_MEMBER_MTR_FROM, CREATED_BY, CREATED_DT, UPDATED_BY, UPDATED_DT) VALUES(06436, 1, TO_DATE('2021-01-04', 'YYYY-MM-DD'), 'ADMIN', CURRENT_TIMESTAMP, 'ADMIN', CURRENT_TIMESTAMP);
INSERT INTO CMSTR.TBL_MTR_MEMBER_LIST(MEMBER_ID, ELIGIBLE_MEMBER_MTR_STATUS, ELIGIBLE_MEMBER_MTR_FROM, CREATED_BY, CREATED_DT, UPDATED_BY, UPDATED_DT) VALUES(06537, 1, TO_DATE('2021-01-04', 'YYYY-MM-DD'), 'ADMIN', CURRENT_TIMESTAMP, 'ADMIN', CURRENT_TIMESTAMP);
INSERT INTO CMSTR.TBL_MTR_MEMBER_LIST(MEMBER_ID, ELIGIBLE_MEMBER_MTR_STATUS, ELIGIBLE_MEMBER_MTR_FROM, CREATED_BY, CREATED_DT, UPDATED_BY, UPDATED_DT) VALUES(14816, 1, TO_DATE('2021-01-04', 'YYYY-MM-DD'), 'ADMIN', CURRENT_TIMESTAMP, 'ADMIN', CURRENT_TIMESTAMP);
INSERT INTO CMSTR.TBL_MTR_MEMBER_LIST(MEMBER_ID, ELIGIBLE_MEMBER_MTR_STATUS, ELIGIBLE_MEMBER_MTR_FROM, CREATED_BY, CREATED_DT, UPDATED_BY, UPDATED_DT) VALUES(06764, 1, TO_DATE('2021-01-04', 'YYYY-MM-DD'), 'ADMIN', CURRENT_TIMESTAMP, 'ADMIN', CURRENT_TIMESTAMP);
INSERT INTO CMSTR.TBL_MTR_MEMBER_LIST(MEMBER_ID, ELIGIBLE_MEMBER_MTR_STATUS, ELIGIBLE_MEMBER_MTR_FROM, CREATED_BY, CREATED_DT, UPDATED_BY, UPDATED_DT) VALUES(07730, 1, TO_DATE('2021-01-04', 'YYYY-MM-DD'), 'ADMIN', CURRENT_TIMESTAMP, 'ADMIN', CURRENT_TIMESTAMP);
INSERT INTO CMSTR.TBL_MTR_MEMBER_LIST(MEMBER_ID, ELIGIBLE_MEMBER_MTR_STATUS, ELIGIBLE_MEMBER_MTR_FROM, CREATED_BY, CREATED_DT, UPDATED_BY, UPDATED_DT) VALUES(10548, 1, TO_DATE('2021-01-04', 'YYYY-MM-DD'), 'ADMIN', CURRENT_TIMESTAMP, 'ADMIN', CURRENT_TIMESTAMP);
INSERT INTO CMSTR.TBL_MTR_MEMBER_LIST(MEMBER_ID, ELIGIBLE_MEMBER_MTR_STATUS, ELIGIBLE_MEMBER_MTR_FROM, CREATED_BY, CREATED_DT, UPDATED_BY, UPDATED_DT) VALUES(06430, 1, TO_DATE('2021-01-04', 'YYYY-MM-DD'), 'ADMIN', CURRENT_TIMESTAMP, 'ADMIN', CURRENT_TIMESTAMP);
INSERT INTO CMSTR.TBL_MTR_MEMBER_LIST(MEMBER_ID, ELIGIBLE_MEMBER_MTR_STATUS, ELIGIBLE_MEMBER_MTR_FROM, CREATED_BY, CREATED_DT, UPDATED_BY, UPDATED_DT) VALUES(06386, 1, TO_DATE('2021-01-04', 'YYYY-MM-DD'), 'ADMIN', CURRENT_TIMESTAMP, 'ADMIN', CURRENT_TIMESTAMP);
INSERT INTO CMSTR.TBL_MTR_MEMBER_LIST(MEMBER_ID, ELIGIBLE_MEMBER_MTR_STATUS, ELIGIBLE_MEMBER_MTR_FROM, CREATED_BY, CREATED_DT, UPDATED_BY, UPDATED_DT) VALUES(14300, 1, TO_DATE('2021-01-04', 'YYYY-MM-DD'), 'ADMIN', CURRENT_TIMESTAMP, 'ADMIN', CURRENT_TIMESTAMP);
INSERT INTO CMSTR.TBL_MTR_MEMBER_LIST(MEMBER_ID, ELIGIBLE_MEMBER_MTR_STATUS, ELIGIBLE_MEMBER_MTR_FROM, CREATED_BY, CREATED_DT, UPDATED_BY, UPDATED_DT) VALUES(08140, 1, TO_DATE('2021-01-04', 'YYYY-MM-DD'), 'ADMIN', CURRENT_TIMESTAMP, 'ADMIN', CURRENT_TIMESTAMP);
INSERT INTO CMSTR.TBL_MTR_MEMBER_LIST(MEMBER_ID, ELIGIBLE_MEMBER_MTR_STATUS, ELIGIBLE_MEMBER_MTR_FROM, CREATED_BY, CREATED_DT, UPDATED_BY, UPDATED_DT) VALUES(12348, 1, TO_DATE('2021-01-04', 'YYYY-MM-DD'), 'ADMIN', CURRENT_TIMESTAMP, 'ADMIN', CURRENT_TIMESTAMP);
INSERT INTO CMSTR.TBL_MTR_MEMBER_LIST(MEMBER_ID, ELIGIBLE_MEMBER_MTR_STATUS, ELIGIBLE_MEMBER_MTR_FROM, CREATED_BY, CREATED_DT, UPDATED_BY, UPDATED_DT) VALUES(13116, 1, TO_DATE('2021-01-04', 'YYYY-MM-DD'), 'ADMIN', CURRENT_TIMESTAMP, 'ADMIN', CURRENT_TIMESTAMP);
INSERT INTO CMSTR.TBL_MTR_MEMBER_LIST(MEMBER_ID, ELIGIBLE_MEMBER_MTR_STATUS, ELIGIBLE_MEMBER_MTR_FROM, CREATED_BY, CREATED_DT, UPDATED_BY, UPDATED_DT) VALUES(12798, 1, TO_DATE('2021-01-04', 'YYYY-MM-DD'), 'ADMIN', CURRENT_TIMESTAMP, 'ADMIN', CURRENT_TIMESTAMP);
INSERT INTO CMSTR.TBL_MTR_MEMBER_LIST(MEMBER_ID, ELIGIBLE_MEMBER_MTR_STATUS, ELIGIBLE_MEMBER_MTR_FROM, CREATED_BY, CREATED_DT, UPDATED_BY, UPDATED_DT) VALUES(10412, 1, TO_DATE('2021-01-04', 'YYYY-MM-DD'), 'ADMIN', CURRENT_TIMESTAMP, 'ADMIN', CURRENT_TIMESTAMP);


ALTER TABLE TBL_MTR_DAILY_FILE MODIFY ID GENERATED BY DEFAULT AS IDENTITY (START WITH 10000);
INSERT INTO CMSTR.TBL_MTR_DAILY_FILE(ID, MEMBER_ID, REPORTING_DATE, BATCH_NO, DAILY_FILE_NAME, DMS_DOC_INDEX, DAILY_FILE_STATUS, DAILY_FILE_SUBMISSION_DATE, NIL_SUBMISSION_STATUS, NIL_SUBMISSION_DATE, CREATED_BY, CREATED_DT, UPDATED_BY, UPDATED_DT) VALUES(1, 2288, TO_DATE('2020-12-24', 'yyyy-MM-dd'), 11, 'daily_file_15.txt', 'test_files/daily_file_15.txt', 1, CURRENT_TIMESTAMP, 0, CURRENT_TIMESTAMP, 'ADMIN', CURRENT_TIMESTAMP, 'ADMIN', CURRENT_TIMESTAMP);
INSERT INTO CMSTR.TBL_MTR_DAILY_FILE(ID, MEMBER_ID, REPORTING_DATE, BATCH_NO, DAILY_FILE_NAME, DMS_DOC_INDEX, DAILY_FILE_STATUS, DAILY_FILE_SUBMISSION_DATE, NIL_SUBMISSION_STATUS, NIL_SUBMISSION_DATE, CREATED_BY, CREATED_DT, UPDATED_BY, UPDATED_DT) VALUES(2, 2287, TO_DATE('2020-12-01', 'yyyy-MM-dd'), 22, 'daily_file_15.txt', 'test_files/daily_file_15.txt', 1, CURRENT_TIMESTAMP, 0, CURRENT_TIMESTAMP, 'ADMIN', CURRENT_TIMESTAMP, 'ADMIN', CURRENT_TIMESTAMP);
INSERT INTO CMSTR.TBL_MTR_DAILY_FILE(ID, MEMBER_ID, REPORTING_DATE, BATCH_NO, DAILY_FILE_NAME, DMS_DOC_INDEX, DAILY_FILE_STATUS, DAILY_FILE_SUBMISSION_DATE, NIL_SUBMISSION_STATUS, NIL_SUBMISSION_DATE, CREATED_BY, CREATED_DT, UPDATED_BY, UPDATED_DT) VALUES(3, 2287, TO_DATE('2020-12-02', 'yyyy-MM-dd'), 22, 'daily_file_15.txt', 'test_files/daily_file_15.txt', 1, CURRENT_TIMESTAMP, 0, CURRENT_TIMESTAMP, 'ADMIN', CURRENT_TIMESTAMP, 'ADMIN', CURRENT_TIMESTAMP);
INSERT INTO CMSTR.TBL_MTR_DAILY_FILE(ID, MEMBER_ID, REPORTING_DATE, BATCH_NO, DAILY_FILE_NAME, DMS_DOC_INDEX, DAILY_FILE_STATUS, DAILY_FILE_SUBMISSION_DATE, NIL_SUBMISSION_STATUS, NIL_SUBMISSION_DATE, CREATED_BY, CREATED_DT, UPDATED_BY, UPDATED_DT) VALUES(4, 2287, TO_DATE('2020-12-03', 'yyyy-MM-dd'), 22, 'daily_file_15.txt', 'test_files/daily_file_15.txt', 1, CURRENT_TIMESTAMP, 0, CURRENT_TIMESTAMP, 'ADMIN', CURRENT_TIMESTAMP, 'ADMIN', CURRENT_TIMESTAMP);
INSERT INTO CMSTR.TBL_MTR_DAILY_FILE(ID, MEMBER_ID, REPORTING_DATE, BATCH_NO, DAILY_FILE_NAME, DMS_DOC_INDEX, DAILY_FILE_STATUS, DAILY_FILE_SUBMISSION_DATE, NIL_SUBMISSION_STATUS, NIL_SUBMISSION_DATE, CREATED_BY, CREATED_DT, UPDATED_BY, UPDATED_DT) VALUES(5, 2287, TO_DATE('2020-12-04', 'yyyy-MM-dd'), 22, 'daily_file_15.txt', 'test_files/daily_file_15.txt', 1, CURRENT_TIMESTAMP, 0, CURRENT_TIMESTAMP, 'ADMIN', CURRENT_TIMESTAMP, 'ADMIN', CURRENT_TIMESTAMP);
INSERT INTO CMSTR.TBL_MTR_DAILY_FILE(ID, MEMBER_ID, REPORTING_DATE, BATCH_NO, DAILY_FILE_NAME, DMS_DOC_INDEX, DAILY_FILE_STATUS, DAILY_FILE_SUBMISSION_DATE, NIL_SUBMISSION_STATUS, NIL_SUBMISSION_DATE, CREATED_BY, CREATED_DT, UPDATED_BY, UPDATED_DT) VALUES(6, 2287, TO_DATE('2020-12-07', 'yyyy-MM-dd'), 22, 'daily_file_15.txt', 'test_files/daily_file_15.txt', 1, CURRENT_TIMESTAMP, 0, CURRENT_TIMESTAMP, 'ADMIN', CURRENT_TIMESTAMP, 'ADMIN', CURRENT_TIMESTAMP);
INSERT INTO CMSTR.TBL_MTR_DAILY_FILE(ID, MEMBER_ID, REPORTING_DATE, BATCH_NO, DAILY_FILE_NAME, DMS_DOC_INDEX, DAILY_FILE_STATUS, DAILY_FILE_SUBMISSION_DATE, NIL_SUBMISSION_STATUS, NIL_SUBMISSION_DATE, CREATED_BY, CREATED_DT, UPDATED_BY, UPDATED_DT) VALUES(7, 2287, TO_DATE('2020-12-08', 'yyyy-MM-dd'), 22, 'daily_file_15.txt', 'test_files/daily_file_15.txt', 1, CURRENT_TIMESTAMP, 0, CURRENT_TIMESTAMP, 'ADMIN', CURRENT_TIMESTAMP, 'ADMIN', CURRENT_TIMESTAMP);
INSERT INTO CMSTR.TBL_MTR_DAILY_FILE(ID, MEMBER_ID, REPORTING_DATE, BATCH_NO, DAILY_FILE_NAME, DMS_DOC_INDEX, DAILY_FILE_STATUS, DAILY_FILE_SUBMISSION_DATE, NIL_SUBMISSION_STATUS, NIL_SUBMISSION_DATE, CREATED_BY, CREATED_DT, UPDATED_BY, UPDATED_DT) VALUES(8, 2287, TO_DATE('2020-12-09', 'yyyy-MM-dd'), 22, 'daily_file_15.txt', 'test_files/daily_file_15.txt', 1, CURRENT_TIMESTAMP, 0, CURRENT_TIMESTAMP, 'ADMIN', CURRENT_TIMESTAMP, 'ADMIN', CURRENT_TIMESTAMP);
INSERT INTO CMSTR.TBL_MTR_DAILY_FILE(ID, MEMBER_ID, REPORTING_DATE, BATCH_NO, DAILY_FILE_NAME, DMS_DOC_INDEX, DAILY_FILE_STATUS, DAILY_FILE_SUBMISSION_DATE, NIL_SUBMISSION_STATUS, NIL_SUBMISSION_DATE, CREATED_BY, CREATED_DT, UPDATED_BY, UPDATED_DT) VALUES(9, 2287, TO_DATE('2020-12-10', 'yyyy-MM-dd'), 22, 'daily_file_15.txt', 'test_files/daily_file_15.txt', 1, CURRENT_TIMESTAMP, 0, CURRENT_TIMESTAMP, 'ADMIN', CURRENT_TIMESTAMP, 'ADMIN', CURRENT_TIMESTAMP);
INSERT INTO CMSTR.TBL_MTR_DAILY_FILE(ID, MEMBER_ID, REPORTING_DATE, BATCH_NO, DAILY_FILE_NAME, DMS_DOC_INDEX, DAILY_FILE_STATUS, DAILY_FILE_SUBMISSION_DATE, NIL_SUBMISSION_STATUS, NIL_SUBMISSION_DATE, CREATED_BY, CREATED_DT, UPDATED_BY, UPDATED_DT) VALUES(10, 2287, TO_DATE('2020-12-11', 'yyyy-MM-dd'), 22, 'daily_file_15.txt', 'test_files/daily_file_15.txt', 1, CURRENT_TIMESTAMP, 0, CURRENT_TIMESTAMP, 'ADMIN', CURRENT_TIMESTAMP, 'ADMIN', CURRENT_TIMESTAMP);
INSERT INTO CMSTR.TBL_MTR_DAILY_FILE(ID, MEMBER_ID, REPORTING_DATE, BATCH_NO, DAILY_FILE_NAME, DMS_DOC_INDEX, DAILY_FILE_STATUS, DAILY_FILE_SUBMISSION_DATE, NIL_SUBMISSION_STATUS, NIL_SUBMISSION_DATE, CREATED_BY, CREATED_DT, UPDATED_BY, UPDATED_DT) VALUES(11, 2287, TO_DATE('2020-12-14', 'yyyy-MM-dd'), 22, 'daily_file_15.txt', 'test_files/daily_file_15.txt', 1, CURRENT_TIMESTAMP, 0, CURRENT_TIMESTAMP, 'ADMIN', CURRENT_TIMESTAMP, 'ADMIN', CURRENT_TIMESTAMP);
INSERT INTO CMSTR.TBL_MTR_DAILY_FILE(ID, MEMBER_ID, REPORTING_DATE, BATCH_NO, DAILY_FILE_NAME, DMS_DOC_INDEX, DAILY_FILE_STATUS, DAILY_FILE_SUBMISSION_DATE, NIL_SUBMISSION_STATUS, NIL_SUBMISSION_DATE, CREATED_BY, CREATED_DT, UPDATED_BY, UPDATED_DT) VALUES(12, 2287, TO_DATE('2020-12-15', 'yyyy-MM-dd'), 22, 'daily_file_15.txt', 'test_files/daily_file_15.txt', 1, CURRENT_TIMESTAMP, 0, CURRENT_TIMESTAMP, 'ADMIN', CURRENT_TIMESTAMP, 'ADMIN', CURRENT_TIMESTAMP);
INSERT INTO CMSTR.TBL_MTR_DAILY_FILE(ID, MEMBER_ID, REPORTING_DATE, BATCH_NO, DAILY_FILE_NAME, DMS_DOC_INDEX, DAILY_FILE_STATUS, DAILY_FILE_SUBMISSION_DATE, NIL_SUBMISSION_STATUS, NIL_SUBMISSION_DATE, CREATED_BY, CREATED_DT, UPDATED_BY, UPDATED_DT) VALUES(13, 2287, TO_DATE('2020-12-16', 'yyyy-MM-dd'), 22, 'daily_file_15.txt', 'test_files/daily_file_15.txt', 1, CURRENT_TIMESTAMP, 0, CURRENT_TIMESTAMP, 'ADMIN', CURRENT_TIMESTAMP, 'ADMIN', CURRENT_TIMESTAMP);
INSERT INTO CMSTR.TBL_MTR_DAILY_FILE(ID, MEMBER_ID, REPORTING_DATE, BATCH_NO, DAILY_FILE_NAME, DMS_DOC_INDEX, DAILY_FILE_STATUS, DAILY_FILE_SUBMISSION_DATE, NIL_SUBMISSION_STATUS, NIL_SUBMISSION_DATE, CREATED_BY, CREATED_DT, UPDATED_BY, UPDATED_DT) VALUES(14, 2287, TO_DATE('2020-12-17', 'yyyy-MM-dd'), 22, 'daily_file_15.txt', 'test_files/daily_file_15.txt', 1, CURRENT_TIMESTAMP, 0, CURRENT_TIMESTAMP, 'ADMIN', CURRENT_TIMESTAMP, 'ADMIN', CURRENT_TIMESTAMP);
INSERT INTO CMSTR.TBL_MTR_DAILY_FILE(ID, MEMBER_ID, REPORTING_DATE, BATCH_NO, DAILY_FILE_NAME, DMS_DOC_INDEX, DAILY_FILE_STATUS, DAILY_FILE_SUBMISSION_DATE, NIL_SUBMISSION_STATUS, NIL_SUBMISSION_DATE, CREATED_BY, CREATED_DT, UPDATED_BY, UPDATED_DT) VALUES(15, 2287, TO_DATE('2020-12-18', 'yyyy-MM-dd'), 22, 'daily_file_15.txt', 'test_files/daily_file_15.txt', 1, CURRENT_TIMESTAMP, 0, CURRENT_TIMESTAMP, 'ADMIN', CURRENT_TIMESTAMP, 'ADMIN', CURRENT_TIMESTAMP);
INSERT INTO CMSTR.TBL_MTR_DAILY_FILE(ID, MEMBER_ID, REPORTING_DATE, BATCH_NO, DAILY_FILE_NAME, DMS_DOC_INDEX, DAILY_FILE_STATUS, DAILY_FILE_SUBMISSION_DATE, NIL_SUBMISSION_STATUS, NIL_SUBMISSION_DATE, CREATED_BY, CREATED_DT, UPDATED_BY, UPDATED_DT) VALUES(16, 2287, TO_DATE('2020-12-21', 'yyyy-MM-dd'), 22, 'daily_file_15.txt', 'test_files/daily_file_15.txt', 1, CURRENT_TIMESTAMP, 0, CURRENT_TIMESTAMP, 'ADMIN', CURRENT_TIMESTAMP, 'ADMIN', CURRENT_TIMESTAMP);
INSERT INTO CMSTR.TBL_MTR_DAILY_FILE(ID, MEMBER_ID, REPORTING_DATE, BATCH_NO, DAILY_FILE_NAME, DMS_DOC_INDEX, DAILY_FILE_STATUS, DAILY_FILE_SUBMISSION_DATE, NIL_SUBMISSION_STATUS, NIL_SUBMISSION_DATE, CREATED_BY, CREATED_DT, UPDATED_BY, UPDATED_DT) VALUES(17, 2287, TO_DATE('2020-12-22', 'yyyy-MM-dd'), 22, 'daily_file_15.txt', 'test_files/daily_file_15.txt', 1, CURRENT_TIMESTAMP, 0, CURRENT_TIMESTAMP, 'ADMIN', CURRENT_TIMESTAMP, 'ADMIN', CURRENT_TIMESTAMP);
INSERT INTO CMSTR.TBL_MTR_DAILY_FILE(ID, MEMBER_ID, REPORTING_DATE, BATCH_NO, DAILY_FILE_NAME, DMS_DOC_INDEX, DAILY_FILE_STATUS, DAILY_FILE_SUBMISSION_DATE, NIL_SUBMISSION_STATUS, NIL_SUBMISSION_DATE, CREATED_BY, CREATED_DT, UPDATED_BY, UPDATED_DT) VALUES(18, 2287, TO_DATE('2020-12-23', 'yyyy-MM-dd'), 22, 'daily_file_15.txt', 'test_files/daily_file_15.txt', 1, CURRENT_TIMESTAMP, 0, CURRENT_TIMESTAMP, 'ADMIN', CURRENT_TIMESTAMP, 'ADMIN', CURRENT_TIMESTAMP);
INSERT INTO CMSTR.TBL_MTR_DAILY_FILE(ID, MEMBER_ID, REPORTING_DATE, BATCH_NO, DAILY_FILE_NAME, DMS_DOC_INDEX, DAILY_FILE_STATUS, DAILY_FILE_SUBMISSION_DATE, NIL_SUBMISSION_STATUS, NIL_SUBMISSION_DATE, CREATED_BY, CREATED_DT, UPDATED_BY, UPDATED_DT) VALUES(19, 2287, TO_DATE('2020-12-24', 'yyyy-MM-dd'), 22, 'daily_file_15.txt', 'test_files/daily_file_15.txt', 1, CURRENT_TIMESTAMP, 0, CURRENT_TIMESTAMP, 'ADMIN', CURRENT_TIMESTAMP, 'ADMIN', CURRENT_TIMESTAMP);
INSERT INTO CMSTR.TBL_MTR_DAILY_FILE(ID, MEMBER_ID, REPORTING_DATE, BATCH_NO, DAILY_FILE_NAME, DMS_DOC_INDEX, DAILY_FILE_STATUS, DAILY_FILE_SUBMISSION_DATE, NIL_SUBMISSION_STATUS, NIL_SUBMISSION_DATE, CREATED_BY, CREATED_DT, UPDATED_BY, UPDATED_DT) VALUES(20, 2287, TO_DATE('2020-12-25', 'yyyy-MM-dd'), 22, 'daily_file_15.txt', 'test_files/daily_file_15.txt', 1, CURRENT_TIMESTAMP, 0, CURRENT_TIMESTAMP, 'ADMIN', CURRENT_TIMESTAMP, 'ADMIN', CURRENT_TIMESTAMP);
INSERT INTO CMSTR.TBL_MTR_DAILY_FILE(ID, MEMBER_ID, REPORTING_DATE, BATCH_NO, DAILY_FILE_NAME, DMS_DOC_INDEX, DAILY_FILE_STATUS, DAILY_FILE_SUBMISSION_DATE, NIL_SUBMISSION_STATUS, NIL_SUBMISSION_DATE, CREATED_BY, CREATED_DT, UPDATED_BY, UPDATED_DT) VALUES(21, 2287, TO_DATE('2020-12-28', 'yyyy-MM-dd'), 22, 'daily_file_15.txt', 'test_files/daily_file_15.txt', 1, CURRENT_TIMESTAMP, 0, CURRENT_TIMESTAMP, 'ADMIN', CURRENT_TIMESTAMP, 'ADMIN', CURRENT_TIMESTAMP);
INSERT INTO CMSTR.TBL_MTR_DAILY_FILE(ID, MEMBER_ID, REPORTING_DATE, BATCH_NO, DAILY_FILE_NAME, DMS_DOC_INDEX, DAILY_FILE_STATUS, DAILY_FILE_SUBMISSION_DATE, NIL_SUBMISSION_STATUS, NIL_SUBMISSION_DATE, CREATED_BY, CREATED_DT, UPDATED_BY, UPDATED_DT) VALUES(22, 2287, TO_DATE('2020-12-29', 'yyyy-MM-dd'), 22, 'daily_file_15.txt', 'test_files/daily_file_15.txt', 1, CURRENT_TIMESTAMP, 0, CURRENT_TIMESTAMP, 'ADMIN', CURRENT_TIMESTAMP, 'ADMIN', CURRENT_TIMESTAMP);
INSERT INTO CMSTR.TBL_MTR_DAILY_FILE(ID, MEMBER_ID, REPORTING_DATE, BATCH_NO, DAILY_FILE_NAME, DMS_DOC_INDEX, DAILY_FILE_STATUS, DAILY_FILE_SUBMISSION_DATE, NIL_SUBMISSION_STATUS, NIL_SUBMISSION_DATE, CREATED_BY, CREATED_DT, UPDATED_BY, UPDATED_DT) VALUES(1002, 10001, TO_DATE('2020-12-01', 'yyyy-MM-dd'), 22, 'daily_file_15.txt', 'test_files/daily_file_15.txt', 1, CURRENT_TIMESTAMP, 0, CURRENT_TIMESTAMP, 'ADMIN', CURRENT_TIMESTAMP, 'ADMIN', CURRENT_TIMESTAMP);
INSERT INTO CMSTR.TBL_MTR_DAILY_FILE(ID, MEMBER_ID, REPORTING_DATE, BATCH_NO, DAILY_FILE_NAME, DMS_DOC_INDEX, DAILY_FILE_STATUS, DAILY_FILE_SUBMISSION_DATE, NIL_SUBMISSION_STATUS, NIL_SUBMISSION_DATE, CREATED_BY, CREATED_DT, UPDATED_BY, UPDATED_DT) VALUES(1003, 10001, TO_DATE('2020-12-02', 'yyyy-MM-dd'), 22, 'daily_file_15.txt', 'test_files/daily_file_15.txt', 1, CURRENT_TIMESTAMP, 0, CURRENT_TIMESTAMP, 'ADMIN', CURRENT_TIMESTAMP, 'ADMIN', CURRENT_TIMESTAMP);
INSERT INTO CMSTR.TBL_MTR_DAILY_FILE(ID, MEMBER_ID, REPORTING_DATE, BATCH_NO, DAILY_FILE_NAME, DMS_DOC_INDEX, DAILY_FILE_STATUS, DAILY_FILE_SUBMISSION_DATE, NIL_SUBMISSION_STATUS, NIL_SUBMISSION_DATE, CREATED_BY, CREATED_DT, UPDATED_BY, UPDATED_DT) VALUES(1004, 10001, TO_DATE('2020-12-03', 'yyyy-MM-dd'), 22, 'daily_file_15.txt', 'test_files/daily_file_15.txt', 1, CURRENT_TIMESTAMP, 0, CURRENT_TIMESTAMP, 'ADMIN', CURRENT_TIMESTAMP, 'ADMIN', CURRENT_TIMESTAMP);
INSERT INTO CMSTR.TBL_MTR_DAILY_FILE(ID, MEMBER_ID, REPORTING_DATE, BATCH_NO, DAILY_FILE_NAME, DMS_DOC_INDEX, DAILY_FILE_STATUS, DAILY_FILE_SUBMISSION_DATE, NIL_SUBMISSION_STATUS, NIL_SUBMISSION_DATE, CREATED_BY, CREATED_DT, UPDATED_BY, UPDATED_DT) VALUES(1005, 10001, TO_DATE('2020-12-04', 'yyyy-MM-dd'), 22, 'daily_file_15.txt', 'test_files/daily_file_15.txt', 1, CURRENT_TIMESTAMP, 0, CURRENT_TIMESTAMP, 'ADMIN', CURRENT_TIMESTAMP, 'ADMIN', CURRENT_TIMESTAMP);
INSERT INTO CMSTR.TBL_MTR_DAILY_FILE(ID, MEMBER_ID, REPORTING_DATE, BATCH_NO, DAILY_FILE_NAME, DMS_DOC_INDEX, DAILY_FILE_STATUS, DAILY_FILE_SUBMISSION_DATE, NIL_SUBMISSION_STATUS, NIL_SUBMISSION_DATE, CREATED_BY, CREATED_DT, UPDATED_BY, UPDATED_DT) VALUES(1006, 10001, TO_DATE('2020-12-07', 'yyyy-MM-dd'), 22, 'daily_file_15.txt', 'test_files/daily_file_15.txt', 1, CURRENT_TIMESTAMP, 0, CURRENT_TIMESTAMP, 'ADMIN', CURRENT_TIMESTAMP, 'ADMIN', CURRENT_TIMESTAMP);
INSERT INTO CMSTR.TBL_MTR_DAILY_FILE(ID, MEMBER_ID, REPORTING_DATE, BATCH_NO, DAILY_FILE_NAME, DMS_DOC_INDEX, DAILY_FILE_STATUS, DAILY_FILE_SUBMISSION_DATE, NIL_SUBMISSION_STATUS, NIL_SUBMISSION_DATE, CREATED_BY, CREATED_DT, UPDATED_BY, UPDATED_DT) VALUES(1007, 10001, TO_DATE('2020-12-08', 'yyyy-MM-dd'), 22, 'daily_file_15.txt', 'test_files/daily_file_15.txt', 1, CURRENT_TIMESTAMP, 0, CURRENT_TIMESTAMP, 'ADMIN', CURRENT_TIMESTAMP, 'ADMIN', CURRENT_TIMESTAMP);
INSERT INTO CMSTR.TBL_MTR_DAILY_FILE(ID, MEMBER_ID, REPORTING_DATE, BATCH_NO, DAILY_FILE_NAME, DMS_DOC_INDEX, DAILY_FILE_STATUS, DAILY_FILE_SUBMISSION_DATE, NIL_SUBMISSION_STATUS, NIL_SUBMISSION_DATE, CREATED_BY, CREATED_DT, UPDATED_BY, UPDATED_DT) VALUES(1008, 10001, TO_DATE('2020-12-09', 'yyyy-MM-dd'), 22, 'daily_file_15.txt', 'test_files/daily_file_15.txt', 1, CURRENT_TIMESTAMP, 0, CURRENT_TIMESTAMP, 'ADMIN', CURRENT_TIMESTAMP, 'ADMIN', CURRENT_TIMESTAMP);
INSERT INTO CMSTR.TBL_MTR_DAILY_FILE(ID, MEMBER_ID, REPORTING_DATE, BATCH_NO, DAILY_FILE_NAME, DMS_DOC_INDEX, DAILY_FILE_STATUS, DAILY_FILE_SUBMISSION_DATE, NIL_SUBMISSION_STATUS, NIL_SUBMISSION_DATE, CREATED_BY, CREATED_DT, UPDATED_BY, UPDATED_DT) VALUES(1009, 10001, TO_DATE('2020-12-10', 'yyyy-MM-dd'), 22, 'daily_file_15.txt', 'test_files/daily_file_15.txt', 1, CURRENT_TIMESTAMP, 0, CURRENT_TIMESTAMP, 'ADMIN', CURRENT_TIMESTAMP, 'ADMIN', CURRENT_TIMESTAMP);
INSERT INTO CMSTR.TBL_MTR_DAILY_FILE(ID, MEMBER_ID, REPORTING_DATE, BATCH_NO, DAILY_FILE_NAME, DMS_DOC_INDEX, DAILY_FILE_STATUS, DAILY_FILE_SUBMISSION_DATE, NIL_SUBMISSION_STATUS, NIL_SUBMISSION_DATE, CREATED_BY, CREATED_DT, UPDATED_BY, UPDATED_DT) VALUES(1010, 10001, TO_DATE('2020-12-11', 'yyyy-MM-dd'), 22, 'daily_file_15.txt', 'test_files/daily_file_15.txt', 1, CURRENT_TIMESTAMP, 0, CURRENT_TIMESTAMP, 'ADMIN', CURRENT_TIMESTAMP, 'ADMIN', CURRENT_TIMESTAMP);
INSERT INTO CMSTR.TBL_MTR_DAILY_FILE(ID, MEMBER_ID, REPORTING_DATE, BATCH_NO, DAILY_FILE_NAME, DMS_DOC_INDEX, DAILY_FILE_STATUS, DAILY_FILE_SUBMISSION_DATE, NIL_SUBMISSION_STATUS, NIL_SUBMISSION_DATE, CREATED_BY, CREATED_DT, UPDATED_BY, UPDATED_DT) VALUES(1011, 10001, TO_DATE('2020-12-14', 'yyyy-MM-dd'), 22, 'daily_file_15.txt', 'test_files/daily_file_15.txt', 1, CURRENT_TIMESTAMP, 0, CURRENT_TIMESTAMP, 'ADMIN', CURRENT_TIMESTAMP, 'ADMIN', CURRENT_TIMESTAMP);
INSERT INTO CMSTR.TBL_MTR_DAILY_FILE(ID, MEMBER_ID, REPORTING_DATE, BATCH_NO, DAILY_FILE_NAME, DMS_DOC_INDEX, DAILY_FILE_STATUS, DAILY_FILE_SUBMISSION_DATE, NIL_SUBMISSION_STATUS, NIL_SUBMISSION_DATE, CREATED_BY, CREATED_DT, UPDATED_BY, UPDATED_DT) VALUES(1012, 10001, TO_DATE('2020-12-15', 'yyyy-MM-dd'), 22, 'daily_file_15.txt', 'test_files/daily_file_15.txt', 1, CURRENT_TIMESTAMP, 0, CURRENT_TIMESTAMP, 'ADMIN', CURRENT_TIMESTAMP, 'ADMIN', CURRENT_TIMESTAMP);
INSERT INTO CMSTR.TBL_MTR_DAILY_FILE(ID, MEMBER_ID, REPORTING_DATE, BATCH_NO, DAILY_FILE_NAME, DMS_DOC_INDEX, DAILY_FILE_STATUS, DAILY_FILE_SUBMISSION_DATE, NIL_SUBMISSION_STATUS, NIL_SUBMISSION_DATE, CREATED_BY, CREATED_DT, UPDATED_BY, UPDATED_DT) VALUES(1013, 10001, TO_DATE('2020-12-16', 'yyyy-MM-dd'), 22, 'daily_file_15.txt', 'test_files/daily_file_15.txt', 1, CURRENT_TIMESTAMP, 0, CURRENT_TIMESTAMP, 'ADMIN', CURRENT_TIMESTAMP, 'ADMIN', CURRENT_TIMESTAMP);
INSERT INTO CMSTR.TBL_MTR_DAILY_FILE(ID, MEMBER_ID, REPORTING_DATE, BATCH_NO, DAILY_FILE_NAME, DMS_DOC_INDEX, DAILY_FILE_STATUS, DAILY_FILE_SUBMISSION_DATE, NIL_SUBMISSION_STATUS, NIL_SUBMISSION_DATE, CREATED_BY, CREATED_DT, UPDATED_BY, UPDATED_DT) VALUES(1014, 10001, TO_DATE('2020-12-17', 'yyyy-MM-dd'), 22, 'daily_file_15.txt', 'test_files/daily_file_15.txt', 1, CURRENT_TIMESTAMP, 0, CURRENT_TIMESTAMP, 'ADMIN', CURRENT_TIMESTAMP, 'ADMIN', CURRENT_TIMESTAMP);
INSERT INTO CMSTR.TBL_MTR_DAILY_FILE(ID, MEMBER_ID, REPORTING_DATE, BATCH_NO, DAILY_FILE_NAME, DMS_DOC_INDEX, DAILY_FILE_STATUS, DAILY_FILE_SUBMISSION_DATE, NIL_SUBMISSION_STATUS, NIL_SUBMISSION_DATE, CREATED_BY, CREATED_DT, UPDATED_BY, UPDATED_DT) VALUES(1015, 10001, TO_DATE('2020-12-18', 'yyyy-MM-dd'), 22, 'daily_file_15.txt', 'test_files/daily_file_15.txt', 1, CURRENT_TIMESTAMP, 0, CURRENT_TIMESTAMP, 'ADMIN', CURRENT_TIMESTAMP, 'ADMIN', CURRENT_TIMESTAMP);
INSERT INTO CMSTR.TBL_MTR_DAILY_FILE(ID, MEMBER_ID, REPORTING_DATE, BATCH_NO, DAILY_FILE_NAME, DMS_DOC_INDEX, DAILY_FILE_STATUS, DAILY_FILE_SUBMISSION_DATE, NIL_SUBMISSION_STATUS, NIL_SUBMISSION_DATE, CREATED_BY, CREATED_DT, UPDATED_BY, UPDATED_DT) VALUES(1016, 10001, TO_DATE('2020-12-21', 'yyyy-MM-dd'), 22, 'daily_file_15.txt', 'test_files/daily_file_15.txt', 1, CURRENT_TIMESTAMP, 0, CURRENT_TIMESTAMP, 'ADMIN', CURRENT_TIMESTAMP, 'ADMIN', CURRENT_TIMESTAMP);
INSERT INTO CMSTR.TBL_MTR_DAILY_FILE(ID, MEMBER_ID, REPORTING_DATE, BATCH_NO, DAILY_FILE_NAME, DMS_DOC_INDEX, DAILY_FILE_STATUS, DAILY_FILE_SUBMISSION_DATE, NIL_SUBMISSION_STATUS, NIL_SUBMISSION_DATE, CREATED_BY, CREATED_DT, UPDATED_BY, UPDATED_DT) VALUES(1017, 10001, TO_DATE('2020-12-22', 'yyyy-MM-dd'), 22, 'daily_file_15.txt', 'test_files/daily_file_15.txt', 1, CURRENT_TIMESTAMP, 0, CURRENT_TIMESTAMP, 'ADMIN', CURRENT_TIMESTAMP, 'ADMIN', CURRENT_TIMESTAMP);
INSERT INTO CMSTR.TBL_MTR_DAILY_FILE(ID, MEMBER_ID, REPORTING_DATE, BATCH_NO, DAILY_FILE_NAME, DMS_DOC_INDEX, DAILY_FILE_STATUS, DAILY_FILE_SUBMISSION_DATE, NIL_SUBMISSION_STATUS, NIL_SUBMISSION_DATE, CREATED_BY, CREATED_DT, UPDATED_BY, UPDATED_DT) VALUES(1018, 10001, TO_DATE('2020-12-23', 'yyyy-MM-dd'), 22, 'daily_file_15.txt', 'test_files/daily_file_15.txt', 1, CURRENT_TIMESTAMP, 0, CURRENT_TIMESTAMP, 'ADMIN', CURRENT_TIMESTAMP, 'ADMIN', CURRENT_TIMESTAMP);
INSERT INTO CMSTR.TBL_MTR_DAILY_FILE(ID, MEMBER_ID, REPORTING_DATE, BATCH_NO, DAILY_FILE_NAME, DMS_DOC_INDEX, DAILY_FILE_STATUS, DAILY_FILE_SUBMISSION_DATE, NIL_SUBMISSION_STATUS, NIL_SUBMISSION_DATE, CREATED_BY, CREATED_DT, UPDATED_BY, UPDATED_DT) VALUES(1019, 10001, TO_DATE('2020-12-24', 'yyyy-MM-dd'), 22, 'daily_file_15.txt', 'test_files/daily_file_15.txt', 1, CURRENT_TIMESTAMP, 0, CURRENT_TIMESTAMP, 'ADMIN', CURRENT_TIMESTAMP, 'ADMIN', CURRENT_TIMESTAMP);
INSERT INTO CMSTR.TBL_MTR_DAILY_FILE(ID, MEMBER_ID, REPORTING_DATE, BATCH_NO, DAILY_FILE_NAME, DMS_DOC_INDEX, DAILY_FILE_STATUS, DAILY_FILE_SUBMISSION_DATE, NIL_SUBMISSION_STATUS, NIL_SUBMISSION_DATE, CREATED_BY, CREATED_DT, UPDATED_BY, UPDATED_DT) VALUES(1020, 10001, TO_DATE('2020-12-25', 'yyyy-MM-dd'), 22, 'daily_file_15.txt', 'test_files/daily_file_15.txt', 1, CURRENT_TIMESTAMP, 0, CURRENT_TIMESTAMP, 'ADMIN', CURRENT_TIMESTAMP, 'ADMIN', CURRENT_TIMESTAMP);
INSERT INTO CMSTR.TBL_MTR_DAILY_FILE(ID, MEMBER_ID, REPORTING_DATE, BATCH_NO, DAILY_FILE_NAME, DMS_DOC_INDEX, DAILY_FILE_STATUS, DAILY_FILE_SUBMISSION_DATE, NIL_SUBMISSION_STATUS, NIL_SUBMISSION_DATE, CREATED_BY, CREATED_DT, UPDATED_BY, UPDATED_DT) VALUES(1021, 10001, TO_DATE('2020-12-28', 'yyyy-MM-dd'), 22, 'daily_file_15.txt', 'test_files/daily_file_15.txt', 1, CURRENT_TIMESTAMP, 0, CURRENT_TIMESTAMP, 'ADMIN', CURRENT_TIMESTAMP, 'ADMIN', CURRENT_TIMESTAMP);
INSERT INTO CMSTR.TBL_MTR_DAILY_FILE(ID, MEMBER_ID, REPORTING_DATE, BATCH_NO, DAILY_FILE_NAME, DMS_DOC_INDEX, DAILY_FILE_STATUS, DAILY_FILE_SUBMISSION_DATE, NIL_SUBMISSION_STATUS, NIL_SUBMISSION_DATE, CREATED_BY, CREATED_DT, UPDATED_BY, UPDATED_DT) VALUES(1022, 10001, TO_DATE('2020-12-29', 'yyyy-MM-dd'), 22, 'daily_file_15.txt', 'test_files/daily_file_15.txt', 1, CURRENT_TIMESTAMP, 0, CURRENT_TIMESTAMP, 'ADMIN', CURRENT_TIMESTAMP, 'ADMIN', CURRENT_TIMESTAMP);
INSERT INTO CMSTR.TBL_MTR_DAILY_FILE(ID, MEMBER_ID, REPORTING_DATE, BATCH_NO, DAILY_FILE_NAME, DMS_DOC_INDEX, DAILY_FILE_STATUS, DAILY_FILE_SUBMISSION_DATE, NIL_SUBMISSION_STATUS, NIL_SUBMISSION_DATE, CREATED_BY, CREATED_DT, UPDATED_BY, UPDATED_DT) VALUES(1023, 10001, TO_DATE('2020-12-30', 'yyyy-MM-dd'), 22, 'daily_file_15.txt', 'test_files/daily_file_15.txt', 1, CURRENT_TIMESTAMP, 0, CURRENT_TIMESTAMP, 'ADMIN', CURRENT_TIMESTAMP, 'ADMIN', CURRENT_TIMESTAMP);
INSERT INTO CMSTR.TBL_MTR_DAILY_FILE(ID, MEMBER_ID, REPORTING_DATE, BATCH_NO, DAILY_FILE_NAME, DMS_DOC_INDEX, DAILY_FILE_STATUS, DAILY_FILE_SUBMISSION_DATE, NIL_SUBMISSION_STATUS, NIL_SUBMISSION_DATE, CREATED_BY, CREATED_DT, UPDATED_BY, UPDATED_DT) VALUES(1024, 10001, TO_DATE('2020-12-31', 'yyyy-MM-dd'), 22, 'daily_file_15.txt', 'test_files/daily_file_15.txt', 1, CURRENT_TIMESTAMP, 0, CURRENT_TIMESTAMP, 'ADMIN', CURRENT_TIMESTAMP, 'ADMIN', CURRENT_TIMESTAMP);
INSERT INTO CMSTR.TBL_MTR_DAILY_FILE(ID, MEMBER_ID, REPORTING_DATE, BATCH_NO, DAILY_FILE_NAME, DMS_DOC_INDEX, DAILY_FILE_STATUS, DAILY_FILE_SUBMISSION_DATE, NIL_SUBMISSION_STATUS, NIL_SUBMISSION_DATE, CREATED_BY, CREATED_DT, UPDATED_BY, UPDATED_DT) VALUES(2002, 10002, TO_DATE('2020-12-01', 'yyyy-MM-dd'), 22, 'daily_file_15.txt', 'test_files/daily_file_15.txt', 1, CURRENT_TIMESTAMP, 0, CURRENT_TIMESTAMP, 'ADMIN', CURRENT_TIMESTAMP, 'ADMIN', CURRENT_TIMESTAMP);
INSERT INTO CMSTR.TBL_MTR_DAILY_FILE(ID, MEMBER_ID, REPORTING_DATE, BATCH_NO, DAILY_FILE_NAME, DMS_DOC_INDEX, DAILY_FILE_STATUS, DAILY_FILE_SUBMISSION_DATE, NIL_SUBMISSION_STATUS, NIL_SUBMISSION_DATE, CREATED_BY, CREATED_DT, UPDATED_BY, UPDATED_DT) VALUES(2003, 10002, TO_DATE('2020-12-02', 'yyyy-MM-dd'), 22, 'daily_file_15.txt', 'test_files/daily_file_15.txt', 1, CURRENT_TIMESTAMP, 0, CURRENT_TIMESTAMP, 'ADMIN', CURRENT_TIMESTAMP, 'ADMIN', CURRENT_TIMESTAMP);
INSERT INTO CMSTR.TBL_MTR_DAILY_FILE(ID, MEMBER_ID, REPORTING_DATE, BATCH_NO, DAILY_FILE_NAME, DMS_DOC_INDEX, DAILY_FILE_STATUS, DAILY_FILE_SUBMISSION_DATE, NIL_SUBMISSION_STATUS, NIL_SUBMISSION_DATE, CREATED_BY, CREATED_DT, UPDATED_BY, UPDATED_DT) VALUES(2004, 10002, TO_DATE('2020-12-03', 'yyyy-MM-dd'), 22, 'daily_file_15.txt', 'test_files/daily_file_15.txt', 1, CURRENT_TIMESTAMP, 0, CURRENT_TIMESTAMP, 'ADMIN', CURRENT_TIMESTAMP, 'ADMIN', CURRENT_TIMESTAMP);
INSERT INTO CMSTR.TBL_MTR_DAILY_FILE(ID, MEMBER_ID, REPORTING_DATE, BATCH_NO, DAILY_FILE_NAME, DMS_DOC_INDEX, DAILY_FILE_STATUS, DAILY_FILE_SUBMISSION_DATE, NIL_SUBMISSION_STATUS, NIL_SUBMISSION_DATE, CREATED_BY, CREATED_DT, UPDATED_BY, UPDATED_DT) VALUES(2005, 10002, TO_DATE('2020-12-04', 'yyyy-MM-dd'), 22, 'daily_file_15.txt', 'test_files/daily_file_15.txt', 1, CURRENT_TIMESTAMP, 0, CURRENT_TIMESTAMP, 'ADMIN', CURRENT_TIMESTAMP, 'ADMIN', CURRENT_TIMESTAMP);
INSERT INTO CMSTR.TBL_MTR_DAILY_FILE(ID, MEMBER_ID, REPORTING_DATE, BATCH_NO, DAILY_FILE_NAME, DMS_DOC_INDEX, DAILY_FILE_STATUS, DAILY_FILE_SUBMISSION_DATE, NIL_SUBMISSION_STATUS, NIL_SUBMISSION_DATE, CREATED_BY, CREATED_DT, UPDATED_BY, UPDATED_DT) VALUES(2006, 10002, TO_DATE('2020-12-07', 'yyyy-MM-dd'), 22, 'daily_file_15.txt', 'test_files/daily_file_15.txt', 1, CURRENT_TIMESTAMP, 0, CURRENT_TIMESTAMP, 'ADMIN', CURRENT_TIMESTAMP, 'ADMIN', CURRENT_TIMESTAMP);
INSERT INTO CMSTR.TBL_MTR_DAILY_FILE(ID, MEMBER_ID, REPORTING_DATE, BATCH_NO, DAILY_FILE_NAME, DMS_DOC_INDEX, DAILY_FILE_STATUS, DAILY_FILE_SUBMISSION_DATE, NIL_SUBMISSION_STATUS, NIL_SUBMISSION_DATE, CREATED_BY, CREATED_DT, UPDATED_BY, UPDATED_DT) VALUES(2007, 10002, TO_DATE('2020-12-08', 'yyyy-MM-dd'), 22, 'daily_file_15.txt', 'test_files/daily_file_15.txt', 1, CURRENT_TIMESTAMP, 0, CURRENT_TIMESTAMP, 'ADMIN', CURRENT_TIMESTAMP, 'ADMIN', CURRENT_TIMESTAMP);
INSERT INTO CMSTR.TBL_MTR_DAILY_FILE(ID, MEMBER_ID, REPORTING_DATE, BATCH_NO, DAILY_FILE_NAME, DMS_DOC_INDEX, DAILY_FILE_STATUS, DAILY_FILE_SUBMISSION_DATE, NIL_SUBMISSION_STATUS, NIL_SUBMISSION_DATE, CREATED_BY, CREATED_DT, UPDATED_BY, UPDATED_DT) VALUES(2008, 10002, TO_DATE('2020-12-09', 'yyyy-MM-dd'), 22, 'daily_file_15.txt', 'test_files/daily_file_15.txt', 1, CURRENT_TIMESTAMP, 0, CURRENT_TIMESTAMP, 'ADMIN', CURRENT_TIMESTAMP, 'ADMIN', CURRENT_TIMESTAMP);
INSERT INTO CMSTR.TBL_MTR_DAILY_FILE(ID, MEMBER_ID, REPORTING_DATE, BATCH_NO, DAILY_FILE_NAME, DMS_DOC_INDEX, DAILY_FILE_STATUS, DAILY_FILE_SUBMISSION_DATE, NIL_SUBMISSION_STATUS, NIL_SUBMISSION_DATE, CREATED_BY, CREATED_DT, UPDATED_BY, UPDATED_DT) VALUES(2009, 10002, TO_DATE('2020-12-10', 'yyyy-MM-dd'), 22, 'daily_file_15.txt', 'test_files/daily_file_15.txt', 1, CURRENT_TIMESTAMP, 0, CURRENT_TIMESTAMP, 'ADMIN', CURRENT_TIMESTAMP, 'ADMIN', CURRENT_TIMESTAMP);
INSERT INTO CMSTR.TBL_MTR_DAILY_FILE(ID, MEMBER_ID, REPORTING_DATE, BATCH_NO, DAILY_FILE_NAME, DMS_DOC_INDEX, DAILY_FILE_STATUS, DAILY_FILE_SUBMISSION_DATE, NIL_SUBMISSION_STATUS, NIL_SUBMISSION_DATE, CREATED_BY, CREATED_DT, UPDATED_BY, UPDATED_DT) VALUES(2010, 10002, TO_DATE('2020-12-11', 'yyyy-MM-dd'), 22, 'daily_file_15.txt', 'test_files/daily_file_15.txt', 1, CURRENT_TIMESTAMP, 0, CURRENT_TIMESTAMP, 'ADMIN', CURRENT_TIMESTAMP, 'ADMIN', CURRENT_TIMESTAMP);
INSERT INTO CMSTR.TBL_MTR_DAILY_FILE(ID, MEMBER_ID, REPORTING_DATE, BATCH_NO, DAILY_FILE_NAME, DMS_DOC_INDEX, DAILY_FILE_STATUS, DAILY_FILE_SUBMISSION_DATE, NIL_SUBMISSION_STATUS, NIL_SUBMISSION_DATE, CREATED_BY, CREATED_DT, UPDATED_BY, UPDATED_DT) VALUES(2011, 10002, TO_DATE('2020-12-14', 'yyyy-MM-dd'), 22, 'daily_file_15.txt', 'test_files/daily_file_15.txt', 1, CURRENT_TIMESTAMP, 0, CURRENT_TIMESTAMP, 'ADMIN', CURRENT_TIMESTAMP, 'ADMIN', CURRENT_TIMESTAMP);
INSERT INTO CMSTR.TBL_MTR_DAILY_FILE(ID, MEMBER_ID, REPORTING_DATE, BATCH_NO, DAILY_FILE_NAME, DMS_DOC_INDEX, DAILY_FILE_STATUS, DAILY_FILE_SUBMISSION_DATE, NIL_SUBMISSION_STATUS, NIL_SUBMISSION_DATE, CREATED_BY, CREATED_DT, UPDATED_BY, UPDATED_DT) VALUES(2012, 10002, TO_DATE('2020-12-15', 'yyyy-MM-dd'), 22, 'daily_file_15.txt', 'test_files/daily_file_15.txt', 1, CURRENT_TIMESTAMP, 0, CURRENT_TIMESTAMP, 'ADMIN', CURRENT_TIMESTAMP, 'ADMIN', CURRENT_TIMESTAMP);
INSERT INTO CMSTR.TBL_MTR_DAILY_FILE(ID, MEMBER_ID, REPORTING_DATE, BATCH_NO, DAILY_FILE_NAME, DMS_DOC_INDEX, DAILY_FILE_STATUS, DAILY_FILE_SUBMISSION_DATE, NIL_SUBMISSION_STATUS, NIL_SUBMISSION_DATE, CREATED_BY, CREATED_DT, UPDATED_BY, UPDATED_DT) VALUES(2013, 10002, TO_DATE('2020-12-16', 'yyyy-MM-dd'), 22, 'daily_file_15.txt', 'test_files/daily_file_15.txt', 1, CURRENT_TIMESTAMP, 0, CURRENT_TIMESTAMP, 'ADMIN', CURRENT_TIMESTAMP, 'ADMIN', CURRENT_TIMESTAMP);
INSERT INTO CMSTR.TBL_MTR_DAILY_FILE(ID, MEMBER_ID, REPORTING_DATE, BATCH_NO, DAILY_FILE_NAME, DMS_DOC_INDEX, DAILY_FILE_STATUS, DAILY_FILE_SUBMISSION_DATE, NIL_SUBMISSION_STATUS, NIL_SUBMISSION_DATE, CREATED_BY, CREATED_DT, UPDATED_BY, UPDATED_DT) VALUES(2014, 10002, TO_DATE('2020-12-17', 'yyyy-MM-dd'), 22, 'daily_file_15.txt', 'test_files/daily_file_15.txt', 1, CURRENT_TIMESTAMP, 0, CURRENT_TIMESTAMP, 'ADMIN', CURRENT_TIMESTAMP, 'ADMIN', CURRENT_TIMESTAMP);
INSERT INTO CMSTR.TBL_MTR_DAILY_FILE(ID, MEMBER_ID, REPORTING_DATE, BATCH_NO, DAILY_FILE_NAME, DMS_DOC_INDEX, DAILY_FILE_STATUS, DAILY_FILE_SUBMISSION_DATE, NIL_SUBMISSION_STATUS, NIL_SUBMISSION_DATE, CREATED_BY, CREATED_DT, UPDATED_BY, UPDATED_DT) VALUES(2015, 10002, TO_DATE('2020-12-18', 'yyyy-MM-dd'), 22, 'daily_file_15.txt', 'test_files/daily_file_15.txt', 1, CURRENT_TIMESTAMP, 0, CURRENT_TIMESTAMP, 'ADMIN', CURRENT_TIMESTAMP, 'ADMIN', CURRENT_TIMESTAMP);
INSERT INTO CMSTR.TBL_MTR_DAILY_FILE(ID, MEMBER_ID, REPORTING_DATE, BATCH_NO, DAILY_FILE_NAME, DMS_DOC_INDEX, DAILY_FILE_STATUS, DAILY_FILE_SUBMISSION_DATE, NIL_SUBMISSION_STATUS, NIL_SUBMISSION_DATE, CREATED_BY, CREATED_DT, UPDATED_BY, UPDATED_DT) VALUES(2016, 10002, TO_DATE('2020-12-21', 'yyyy-MM-dd'), 22, 'daily_file_15.txt', 'test_files/daily_file_15.txt', 1, CURRENT_TIMESTAMP, 0, CURRENT_TIMESTAMP, 'ADMIN', CURRENT_TIMESTAMP, 'ADMIN', CURRENT_TIMESTAMP);
INSERT INTO CMSTR.TBL_MTR_DAILY_FILE(ID, MEMBER_ID, REPORTING_DATE, BATCH_NO, DAILY_FILE_NAME, DMS_DOC_INDEX, DAILY_FILE_STATUS, DAILY_FILE_SUBMISSION_DATE, NIL_SUBMISSION_STATUS, NIL_SUBMISSION_DATE, CREATED_BY, CREATED_DT, UPDATED_BY, UPDATED_DT) VALUES(2017, 10002, TO_DATE('2020-12-22', 'yyyy-MM-dd'), 22, 'daily_file_15.txt', 'test_files/daily_file_15.txt', 1, CURRENT_TIMESTAMP, 0, CURRENT_TIMESTAMP, 'ADMIN', CURRENT_TIMESTAMP, 'ADMIN', CURRENT_TIMESTAMP);
INSERT INTO CMSTR.TBL_MTR_DAILY_FILE(ID, MEMBER_ID, REPORTING_DATE, BATCH_NO, DAILY_FILE_NAME, DMS_DOC_INDEX, DAILY_FILE_STATUS, DAILY_FILE_SUBMISSION_DATE, NIL_SUBMISSION_STATUS, NIL_SUBMISSION_DATE, CREATED_BY, CREATED_DT, UPDATED_BY, UPDATED_DT) VALUES(2018, 10002, TO_DATE('2020-12-23', 'yyyy-MM-dd'), 22, 'daily_file_15.txt', 'test_files/daily_file_15.txt', 1, CURRENT_TIMESTAMP, 0, CURRENT_TIMESTAMP, 'ADMIN', CURRENT_TIMESTAMP, 'ADMIN', CURRENT_TIMESTAMP);
INSERT INTO CMSTR.TBL_MTR_DAILY_FILE(ID, MEMBER_ID, REPORTING_DATE, BATCH_NO, DAILY_FILE_NAME, DMS_DOC_INDEX, DAILY_FILE_STATUS, DAILY_FILE_SUBMISSION_DATE, NIL_SUBMISSION_STATUS, NIL_SUBMISSION_DATE, CREATED_BY, CREATED_DT, UPDATED_BY, UPDATED_DT) VALUES(2019, 10002, TO_DATE('2020-12-24', 'yyyy-MM-dd'), 22, 'daily_file_15.txt', 'test_files/daily_file_15.txt', 1, CURRENT_TIMESTAMP, 0, CURRENT_TIMESTAMP, 'ADMIN', CURRENT_TIMESTAMP, 'ADMIN', CURRENT_TIMESTAMP);
INSERT INTO CMSTR.TBL_MTR_DAILY_FILE(ID, MEMBER_ID, REPORTING_DATE, BATCH_NO, DAILY_FILE_NAME, DMS_DOC_INDEX, DAILY_FILE_STATUS, DAILY_FILE_SUBMISSION_DATE, NIL_SUBMISSION_STATUS, NIL_SUBMISSION_DATE, CREATED_BY, CREATED_DT, UPDATED_BY, UPDATED_DT) VALUES(2020, 10002, TO_DATE('2020-12-25', 'yyyy-MM-dd'), 22, 'daily_file_15.txt', 'test_files/daily_file_15.txt', 1, CURRENT_TIMESTAMP, 0, CURRENT_TIMESTAMP, 'ADMIN', CURRENT_TIMESTAMP, 'ADMIN', CURRENT_TIMESTAMP);
INSERT INTO CMSTR.TBL_MTR_DAILY_FILE(ID, MEMBER_ID, REPORTING_DATE, BATCH_NO, DAILY_FILE_NAME, DMS_DOC_INDEX, DAILY_FILE_STATUS, DAILY_FILE_SUBMISSION_DATE, NIL_SUBMISSION_STATUS, NIL_SUBMISSION_DATE, CREATED_BY, CREATED_DT, UPDATED_BY, UPDATED_DT) VALUES(2021, 10002, TO_DATE('2020-12-28', 'yyyy-MM-dd'), 22, 'daily_file_15.txt', 'test_files/daily_file_15.txt', 1, CURRENT_TIMESTAMP, 0, CURRENT_TIMESTAMP, 'ADMIN', CURRENT_TIMESTAMP, 'ADMIN', CURRENT_TIMESTAMP);
INSERT INTO CMSTR.TBL_MTR_DAILY_FILE(ID, MEMBER_ID, REPORTING_DATE, BATCH_NO, DAILY_FILE_NAME, DMS_DOC_INDEX, DAILY_FILE_STATUS, DAILY_FILE_SUBMISSION_DATE, NIL_SUBMISSION_STATUS, NIL_SUBMISSION_DATE, CREATED_BY, CREATED_DT, UPDATED_BY, UPDATED_DT) VALUES(2022, 10002, TO_DATE('2020-12-29', 'yyyy-MM-dd'), 22, 'daily_file_15.txt', 'test_files/daily_file_15.txt', 1, CURRENT_TIMESTAMP, 0, CURRENT_TIMESTAMP, 'ADMIN', CURRENT_TIMESTAMP, 'ADMIN', CURRENT_TIMESTAMP);

ALTER TABLE TBL_USER_MEM_COM MODIFY ID GENERATED BY DEFAULT AS IDENTITY;
INSERT INTO CMSTR.TBL_USER_MEM_COM(ID, FIRST_NAME, LAST_NAME, EMAIL_ID, USER_TYPE, Ho)  Values(1, 'Abhishek', 'Gausain', 'abc@gmail.com', 'Ho', 'Ho maker 1');
INSERT INTO CMSTR.TBL_USER_MEM_COM(ID, FIRST_NAME, LAST_NAME, EMAIL_ID, USER_TYPE, Ho)  Values(2, 'Abhijit', 'Jain', 'abc2@gmail.com', 'Ho', 'Ho checker 2');
INSERT INTO CMSTR.TBL_USER_MEM_COM(ID, FIRST_NAME, LAST_NAME, EMAIL_ID, USER_TYPE, Ho)  Values(3, 'Ankur', 'Joshi', 'abc3@gmail.com', 'Ho', 'Ho checker 3');
INSERT INTO CMSTR.TBL_USER_MEM_COM(ID, FIRST_NAME, LAST_NAME, EMAIL_ID, USER_TYPE, Ho)  Values(10001, 'Sachin', 'Rana', 'abc@gmail.com', 'Ho', 'Ho maker 10001');
INSERT INTO CMSTR.TBL_USER_MEM_COM(ID, FIRST_NAME, LAST_NAME, EMAIL_ID, USER_TYPE, Ho)  Values(10002, 'Manvi', 'S', 'aa@gmail.com', 'Ho', 'Ho maker 10002');
INSERT INTO CMSTR.TBL_USER_MEM_COM(ID, FIRST_NAME, LAST_NAME, EMAIL_ID, USER_TYPE, Ho)  Values(10003, 'Rahul', 'G', 'ra@gmail.com', 'Ho', 'Ho maker 10003');

INSERT INTO CMSTR.TBL_PENALTY_DOC_MASTER(PENALTY_DOC_TYPE_NAME) Values('Approval Note (All)');
INSERT INTO CMSTR.TBL_PENALTY_DOC_MASTER(PENALTY_DOC_TYPE_NAME) Values('Annexure File (All)');
INSERT INTO CMSTR.TBL_PENALTY_DOC_MASTER(PENALTY_DOC_TYPE_NAME) Values('Penalty Letters (All)');
INSERT INTO CMSTR.TBL_PENALTY_DOC_MASTER(PENALTY_DOC_TYPE_NAME) Values('Penalty Reversal Letter (All)');
INSERT INTO CMSTR.TBL_PENALTY_DOC_MASTER(PENALTY_DOC_TYPE_NAME) Values('Penalty Inspection File (All)');
INSERT INTO CMSTR.TBL_PENALTY_DOC_MASTER(PENALTY_DOC_TYPE_NAME) Values('Penalty Resolution Agenda Minutes (All)');

insert into CMSTR.TBL_mtr_mrg_trading_report(reporting_date, mtr_counter_total, mtr_counter_latest) values(TO_DATE('2020-12-24', 'yyyy-MM-dd'), 2, 1);

DELETE FROM CMSTR.TBL_MTR_ERROR_CODE_MASTER;

insert into CMSTR.TBL_mtr_mrg_trading_report(reporting_date, mtr_counter_total, mtr_counter_latest) values(TO_DATE('2020-12-24', 'yyyy-MM-dd'), 2, 1);

INSERT INTO CMSTR.TBL_MTR_ERROR_CODE_MASTER(ERROR_CODE, ERROR_DESC)
VALUES('IF001', 'File is Empty, please upload valid file');
INSERT INTO CMSTR.TBL_MTR_ERROR_CODE_MASTER(ERROR_CODE, ERROR_DESC)
VALUES('IF002', 'Constant ''MTR'' missing in filename: Filename should have format MTR_DDMMYYYY.TNN');
INSERT INTO CMSTR.TBL_MTR_ERROR_CODE_MASTER(ERROR_CODE, ERROR_DESC)
VALUES('IF003', 'Invalid Date <%date> in filename: The date should be the reporting date i.e. T-1 in DDMMYYYY format');
INSERT INTO CMSTR.TBL_MTR_ERROR_CODE_MASTER(ERROR_CODE, ERROR_DESC)
VALUES('IF004', 'Constant ''T'' missing in filename: Filename should have format MTR_DDMMYYYY.TNN');
INSERT INTO CMSTR.TBL_MTR_ERROR_CODE_MASTER(ERROR_CODE, ERROR_DESC)
VALUES('IF005', 'Batch number cannot be Non numeric <%batchNo>. Batch number cannot be zero');
INSERT INTO CMSTR.TBL_MTR_ERROR_CODE_MASTER(ERROR_CODE, ERROR_DESC)
VALUES('IF006', 'Cannot load batch no <%batchNo> before batch no <%maxBatchNo>.The batch number should be in sequence.');
INSERT INTO CMSTR.TBL_MTR_ERROR_CODE_MASTER(ERROR_CODE, ERROR_DESC)
VALUES('FS001', 'Missing record type <%field>');
INSERT INTO CMSTR.TBL_MTR_ERROR_CODE_MASTER(ERROR_CODE, ERROR_DESC)
VALUES('FS002', 'File has incorrect recordtype order should be in order as 10,30,20,40,50,Declaration');
INSERT INTO CMSTR.TBL_MTR_ERROR_CODE_MASTER(ERROR_CODE, ERROR_DESC)
VALUES('FS003', 'Record type- 10, control record missing');
INSERT INTO CMSTR.TBL_MTR_ERROR_CODE_MASTER(ERROR_CODE, ERROR_DESC)
VALUES('FS004', 'Record type- 30, summary record missing');
INSERT INTO CMSTR.TBL_MTR_ERROR_CODE_MASTER(ERROR_CODE, ERROR_DESC)
VALUES('FS005', 'Record type- 20, detail record missing');
INSERT INTO CMSTR.TBL_MTR_ERROR_CODE_MASTER(ERROR_CODE, ERROR_DESC)
VALUES('FS006', 'Record type- 40, collateral record missing');
INSERT INTO CMSTR.TBL_MTR_ERROR_CODE_MASTER(ERROR_CODE, ERROR_DESC)
VALUES('FS007', 'Record type 50 is missing, as the collateral scrips amount >0 is mentioned in record type 40');
INSERT INTO CMSTR.TBL_MTR_ERROR_CODE_MASTER(ERROR_CODE, ERROR_DESC)
VALUES('FS008', 'Incorrect Declaration format, refer annexure for exact details');
INSERT INTO CMSTR.TBL_MTR_ERROR_CODE_MASTER(ERROR_CODE, ERROR_DESC)
VALUES('FS009', 'Declaration is missing in input file');
INSERT INTO CMSTR.TBL_MTR_ERROR_CODE_MASTER(ERROR_CODE, ERROR_DESC)
VALUES('FS010', 'Invalid control record format, should have 8 columns refer annexure I for details');
INSERT INTO CMSTR.TBL_MTR_ERROR_CODE_MASTER(ERROR_CODE, ERROR_DESC)
VALUES('FS011', 'Invalid summary record format, should have 4 columns refer annexure I for details,entire file is rejected');
INSERT INTO CMSTR.TBL_MTR_ERROR_CODE_MASTER(ERROR_CODE, ERROR_DESC)
VALUES('FS012', 'Invalid detail record format, should have 15 columns refer annexureI for details,entire file is rejected');
INSERT INTO CMSTR.TBL_MTR_ERROR_CODE_MASTER(ERROR_CODE, ERROR_DESC)
VALUES('FS013', 'Duplicated record with same PAN<%> and scrip<%> in record type 20 is not allowed. Entire file rejected.');
INSERT INTO CMSTR.TBL_MTR_ERROR_CODE_MASTER(ERROR_CODE, ERROR_DESC)
VALUES('FS014', 'Invalid collateral summary record format, should have 4 columns refer annexureI for details,entire file is rejected');
INSERT INTO CMSTR.TBL_MTR_ERROR_CODE_MASTER(ERROR_CODE, ERROR_DESC)
VALUES('FS015', 'Invalid collateral summary record format, should have 4 columns refer annexure');
INSERT INTO CMSTR.TBL_MTR_ERROR_CODE_MASTER(ERROR_CODE, ERROR_DESC)
VALUES('IFD001', '<%field> cannot be NULL');
INSERT INTO CMSTR.TBL_MTR_ERROR_CODE_MASTER(ERROR_CODE, ERROR_DESC)
VALUES('IFD002', 'Only numeric values allowed for <%field>');
INSERT INTO CMSTR.TBL_MTR_ERROR_CODE_MASTER(ERROR_CODE, ERROR_DESC)
VALUES('IFD003', 'Only alphabetical values allowed for <%field>');
INSERT INTO CMSTR.TBL_MTR_ERROR_CODE_MASTER(ERROR_CODE, ERROR_DESC)
VALUES('IFD004', '<%field> length greater than specified value <%specifiedValue>');
INSERT INTO CMSTR.TBL_MTR_ERROR_CODE_MASTER(ERROR_CODE, ERROR_DESC)
VALUES('IFD005', 'Invalid record type, should be 10');
INSERT INTO CMSTR.TBL_MTR_ERROR_CODE_MASTER(ERROR_CODE, ERROR_DESC)
VALUES('IFD006', 'Invalid file type should be MTR');
INSERT INTO CMSTR.TBL_MTR_ERROR_CODE_MASTER(ERROR_CODE, ERROR_DESC)
VALUES('IFD007', 'Mismatch member code <%memberCodeInFileName>, <%memberCodeInFileContent>');
INSERT INTO CMSTR.TBL_MTR_ERROR_CODE_MASTER(ERROR_CODE, ERROR_DESC)
VALUES('IFD008', 'Mismatch in batch date <%batchDateInFileName>, <%batchDateInFileContent>, should be <%batchDateInFileName>.The Batch date should be the same as mentioned in the file name');
INSERT INTO CMSTR.TBL_MTR_ERROR_CODE_MASTER(ERROR_CODE, ERROR_DESC)
VALUES('IFD009', 'Mismatch in batch number <%batchNumInFileName>, <%batchNumInFileContent> .The Batch number in Control record should be equal to the batch number in file name');
INSERT INTO CMSTR.TBL_MTR_ERROR_CODE_MASTER(ERROR_CODE, ERROR_DESC)
VALUES('IFD010', 'Total Summary record <%totalSummaryRecordInFileContent> does not match total no.of Summary records <%summaryCount> with record type=30 ');
INSERT INTO CMSTR.TBL_MTR_ERROR_CODE_MASTER(ERROR_CODE, ERROR_DESC)
VALUES('IFD011', 'Total detail record <%totalDetailRecordInFileContent> does not match total no.of detail records <%detailCount> with record type=20 ');
INSERT INTO CMSTR.TBL_MTR_ERROR_CODE_MASTER(ERROR_CODE, ERROR_DESC)
VALUES('IFD012', 'Mismatch in Control record and Summary record.Total amount funded <%totalAmountFundedInFileContent> mentioned in record type 10 should be sum of amount funded across of summary records<%summaryAmount> (sum of all record type = 30) ');
INSERT INTO CMSTR.TBL_MTR_ERROR_CODE_MASTER(ERROR_CODE, ERROR_DESC)
VALUES('IFD013', 'Invalid record type, should be 30');
INSERT INTO CMSTR.TBL_MTR_ERROR_CODE_MASTER(ERROR_CODE, ERROR_DESC)
VALUES('IFD014', '<%lenderCategory> should be one of the below values 01,02,03,04,05');
INSERT INTO CMSTR.TBL_MTR_ERROR_CODE_MASTER(ERROR_CODE, ERROR_DESC)
VALUES('IFD015', 'Mismatch in summary record and detailed record.Sum of the total of amount funded across all summary records <%summaryAmount> should be equal to sum total of end of day amount across all detail records with record type = 20 <%detailsAmount>');
INSERT INTO CMSTR.TBL_MTR_ERROR_CODE_MASTER(ERROR_CODE, ERROR_DESC)
VALUES('IFD016', 'Invalid record type, should be 20');
INSERT INTO CMSTR.TBL_MTR_ERROR_CODE_MASTER(ERROR_CODE, ERROR_DESC)
VALUES('IFD017', 'Invalid format, should be Pan format');
INSERT INTO CMSTR.TBL_MTR_ERROR_CODE_MASTER(ERROR_CODE, ERROR_DESC)
VALUES('IFD018', 'Invalid symbol,Security should be Group I equity shares');
INSERT INTO CMSTR.TBL_MTR_ERROR_CODE_MASTER(ERROR_CODE, ERROR_DESC)
VALUES('IFD019', 'Series should be EQ');
INSERT INTO CMSTR.TBL_MTR_ERROR_CODE_MASTER(ERROR_CODE, ERROR_DESC)
VALUES('IFD020', 'Scrip & Series combination is incorrect. Scrip <%> belongs to series <%> (show the right combination)');
INSERT INTO CMSTR.TBL_MTR_ERROR_CODE_MASTER(ERROR_CODE, ERROR_DESC)
VALUES('IFD021', 'Invalid format, should be Y (Promoter) or N (Non-Promoter)');
INSERT INTO CMSTR.TBL_MTR_ERROR_CODE_MASTER(ERROR_CODE, ERROR_DESC)
VALUES('IFD022', 'Field Stock Exchange cannot be blank, has to be NSE in record type 20');
INSERT INTO CMSTR.TBL_MTR_ERROR_CODE_MASTER(ERROR_CODE, ERROR_DESC)
VALUES('IFD023', 'Mismatch in collateral summary and collteral scrips detail record. Collateral-Scrips <%collateralAmount> should match sum of collateral detail records  <%detailsAmount> (record type = 50)');
INSERT INTO CMSTR.TBL_MTR_ERROR_CODE_MASTER(ERROR_CODE, ERROR_DESC)
VALUES('IFD024', 'Invalid record type, should be 50');
INSERT INTO CMSTR.TBL_MTR_ERROR_CODE_MASTER(ERROR_CODE, ERROR_DESC)
VALUES('IFD025', 'Invalid format, should be Pan format');
INSERT INTO CMSTR.TBL_MTR_ERROR_CODE_MASTER(ERROR_CODE, ERROR_DESC)
VALUES('IFD026', 'Invalid symbol');
INSERT INTO CMSTR.TBL_MTR_ERROR_CODE_MASTER(ERROR_CODE, ERROR_DESC)
VALUES('IFD027', 'Invalid format, should be Y (Promoter) or N (Non-Promoter)');
INSERT INTO CMSTR.TBL_MTR_ERROR_CODE_MASTER(ERROR_CODE, ERROR_DESC)
VALUES('IFD028', 'Invalid format, Stock Exchange should be NSE or BSE');
INSERT INTO CMSTR.TBL_MTR_ERROR_CODE_MASTER(ERROR_CODE, ERROR_DESC)
VALUES('PD001', 'Mismatch in the previous day <%previousDate> closing qty <%quantityBegin> and current day <%currentDate> opening qty <%openingQtyInFileContent> should be same');
INSERT INTO CMSTR.TBL_MTR_ERROR_CODE_MASTER(ERROR_CODE, ERROR_DESC)
VALUES('PD002', 'Mismatch in the previous day <%previousDate> closing amount <%amountBegin> and current day <%currentDate> opening amount <%openingAmountInFileContent> should be same');
INSERT INTO CMSTR.TBL_MTR_ERROR_CODE_MASTER(ERROR_CODE, ERROR_DESC)
VALUES('PD003', 'Incorrect Liquidated Qty <%liquidatedQtyInFileContent> as it should be less or equal to [sum of Funded Qty Begin Day & Funded Qty During Day] <%daySum>');
INSERT INTO CMSTR.TBL_MTR_ERROR_CODE_MASTER(ERROR_CODE, ERROR_DESC)
VALUES('PD004', 'Incorrect Liquidated Amt <%liquidatedAmtInFileContent> as it should be less or equal to [sum of Funded Amt Begin Day & Funded Amt During Day]  <%daySum>');
INSERT INTO CMSTR.TBL_MTR_ERROR_CODE_MASTER(ERROR_CODE, ERROR_DESC)
VALUES('PD005', 'Incorrect Qty end day <%qtyEndDayInFileContent> as It should be equal to [Funded Quantity begin day + Funded Quantity during day - Funded Quantity liquidatedduring day] <%daySum>');
INSERT INTO CMSTR.TBL_MTR_ERROR_CODE_MASTER(ERROR_CODE, ERROR_DESC)
VALUES('PD006', 'Incorrect Amount end day <%amountEndDayInFileContent> as It should be equal to [Funded Amount begin day + Funded Amount during day - Funded Amount liquidated during day] <%daySum>');
